Time,T,M1,M2,M3,M4,M5,M6,M7,M8,M9,M10,M11,M12,M13,M14,M15,M16,M17,M18,M19,M20,M21,M22,M23,M24,N1,N2,N3,N4,N5,N6,N7,N8,N9,N10,N11,N12,N13,N14,N15,N16,N17,N18,N19,N20,N21,N22,N23,N24,O1,O2,O3,O4,O5,O6,O7,O8,O9,O10,O11,O12,O13,O14,O15,O16,O17,O18,O19,O20,O21,O22,O23,O24,P1,P2,P3,P4,P5,P6,P7,P8,P9,P10,P11,P12,P13,P14,P15,P16,P17,P18,P19,P20,P21,P22,P23,P24
0:01:09,37,250,176,28,15,260,500,233,234,15,41,193,328,43,39,26,32,368,298,199,188,44,54,94,101,170,159,29,21,183,406,168,223,16,28,139,320,44,38,21,30,323,282,132,152,40,42,128,105,134,174,18,23,162,407,270,230,13,30,175,211,44,36,29,31,289,349,130,102,34,47,75,73,,,,,,,,,,,,,,,,,,,,,,,,
0:11:09,37,281,194,29,18,290,572,258,274,22,36,223,373,41,39,44,27,410,338,213,216,49,63,104,108,200,182,26,11,201,473,202,260,20,33,152,357,53,42,31,27,381,319,155,170,40,43,135,112,154,195,25,16,190,467,315,261,23,32,189,237,48,37,22,32,330,409,147,119,39,51,74,80,,,,,,,,,,,,,,,,,,,,,,,,
0:21:09,37,349,262,27,11,376,750,335,346,28,38,285,468,50,47,33,31,516,426,270,255,52,70,118,138,247,240,25,13,274,612,249,333,20,39,208,450,57,51,33,35,484,406,188,207,52,56,163,129,189,258,27,26,250,607,412,342,20,31,246,293,60,48,39,30,424,514,176,143,49,73,97,100,,,,,,,,,,,,,,,,,,,,,,,,
0:31:09,37,448,367,37,19,510,1036,441,492,24,51,395,637,62,57,45,38,667,559,321,318,71,86,149,160,314,327,36,19,357,839,323,464,23,47,282,604,66,56,37,30,629,537,230,251,62,69,199,156,247,357,27,23,329,837,533,463,25,49,335,387,66,57,40,39,550,688,217,174,54,87,125,119,,,,,,,,,,,,,,,,,,,,,,,,
0:41:09,37,567,482,34,28,683,1387,580,670,30,56,551,846,80,65,43,45,882,730,405,393,82,107,172,200,391,437,33,16,482,1123,436,624,26,52,387,803,82,65,45,41,822,708,278,302,80,81,237,181,298,469,33,22,427,1111,701,636,28,50,479,516,77,63,43,36,701,893,261,207,67,107,138,136,,,,,,,,,,,,,,,,,,,,,,,,
0:51:09,37,690,633,37,25,889,1793,736,871,35,63,724,1083,86,75,48,42,1118,936,472,458,96,126,206,229,467,558,35,24,631,1447,555,824,33,56,513,1023,91,74,51,50,1036,906,318,354,96,93,289,216,363,617,38,25,556,1423,892,833,27,58,620,663,87,78,49,43,895,1135,299,245,84,124,163,161,,,,,,,,,,,,,,,,,,,,,,,,
1:01:09,36.9,819,774,43,25,1102,2199,919,1095,40,77,909,1329,95,86,58,53,1379,1152,541,538,108,144,233,258,562,693,44,24,788,1774,691,1040,34,64,648,1262,102,86,59,50,1259,1117,373,404,105,111,325,255,436,749,35,22,679,1769,1110,1059,35,56,785,789,102,92,50,47,1083,1399,349,282,95,138,188,177,,,,,,,,,,,,,,,,,,,,,,,,
1:11:09,37,952,918,50,31,1360,2602,1080,1313,50,80,1086,1564,103,94,67,44,1625,1376,616,609,136,163,266,295,654,817,49,28,955,2094,808,1247,37,70,771,1498,121,103,54,54,1487,1316,426,467,125,119,365,280,505,897,40,27,813,2082,1319,1278,34,80,930,954,115,101,62,52,1287,1660,397,313,110,162,201,207,,,,,,,,,,,,,,,,,,,,,,,,
1:21:09,37,1101,1083,54,33,1598,2979,1245,1552,48,87,1287,1780,118,109,65,56,1842,1592,675,670,148,181,288,317,740,951,46,30,1111,2413,940,1468,43,79,907,1712,135,111,66,55,1715,1545,474,501,132,135,402,302,579,1037,41,26,960,2407,1535,1498,37,83,1104,1094,123,114,60,58,1507,1959,439,352,119,185,229,221,,,,,,,,,,,,,,,,,,,,,,,,
1:31:09,37,1216,1210,46,33,1839,3293,1362,1746,53,102,1470,1983,121,122,77,61,2057,1805,737,732,155,201,305,332,839,1080,58,34,1309,2671,1061,1671,43,85,1036,1916,144,121,70,67,1926,1746,514,558,150,152,435,324,646,1173,44,30,1119,2681,1730,1688,37,84,1266,1227,141,121,67,61,1705,2198,483,390,132,200,241,240,,,,,,,,,,,,,,,,,,,,,,,,
1:41:09,37,1339,1353,52,45,2086,3515,1463,1944,51,100,1636,2135,133,124,65,64,2173,1988,773,771,169,215,306,358,928,1208,50,29,1478,2884,1152,1850,52,93,1159,2089,157,120,74,70,2109,1925,572,604,166,161,455,337,720,1308,49,38,1278,2920,1894,1916,46,93,1413,1351,148,124,65,62,1870,2436,529,427,148,211,258,255,,,,,,,,,,,,,,,,,,,,,,,,
1:51:09,37,1432,1486,60,38,2329,3654,1520,2141,65,100,1793,2259,141,130,76,64,2276,2141,800,826,173,214,310,365,996,1317,57,35,1649,2987,1230,2052,53,89,1288,2253,167,131,72,62,2243,2080,596,652,181,166,477,356,783,1436,45,31,1415,3087,2030,2099,52,97,1565,1460,159,135,63,68,2025,2661,572,451,159,219,267,264,,,,,,,,,,,,,,,,,,,,,,,,
2:01:09,37,1543,1593,59,37,2527,3734,1552,2309,64,114,1943,2329,142,129,76,60,2306,2252,820,824,188,224,324,369,1086,1422,62,36,1796,3085,1269,2186,59,101,1400,2374,168,134,72,70,2304,2197,634,681,189,177,480,356,847,1575,52,35,1568,3210,2115,2288,52,104,1707,1545,165,140,68,64,2162,2826,598,474,168,230,282,275,,,,,,,,,,,,,,,,,,,,,,,,
2:11:09,37,1582,1715,62,40,2733,3791,1584,2447,67,115,2083,2384,145,137,79,63,2321,2327,832,841,195,228,319,375,1146,1545,64,33,1948,3136,1297,2362,65,99,1488,2459,172,137,74,68,2370,2264,646,726,195,186,488,366,881,1679,55,39,1718,3242,2188,2443,56,104,1823,1617,159,142,73,72,2231,2953,622,500,178,243,288,279,,,,,,,,,,,,,,,,,,,,,,,,
2:21:09,37,1643,1828,60,43,2913,3819,1587,2577,73,114,2206,2406,151,141,78,61,2346,2360,835,854,191,227,321,378,1199,1625,61,41,2088,3157,1326,2509,65,105,1585,2558,179,149,82,73,2394,2300,677,743,203,178,505,367,941,1785,56,42,1850,3321,2211,2579,55,110,1935,1684,170,149,70,67,2294,3023,631,523,177,233,291,274,,,,,,,,,,,,,,,,,,,,,,,,
2:31:09,37,1661,1938,52,45,3032,3857,1615,2736,72,116,2311,2426,146,142,78,68,2385,2380,844,860,197,226,320,376,1235,1733,64,41,2198,3167,1335,2621,70,109,1674,2570,178,151,74,69,2411,2319,688,758,208,185,502,375,971,1892,55,44,1962,3327,2243,2736,59,107,2024,1717,173,152,73,68,2326,3075,650,532,187,252,288,277,,,,,,,,,,,,,,,,,,,,,,,,
2:41:09,37,1693,2041,69,44,3142,3902,1613,2801,70,119,2391,2434,145,138,75,67,2375,2396,841,855,202,234,323,382,1268,1819,68,38,2316,3197,1351,2726,64,101,1743,2588,183,149,82,75,2441,2362,690,768,208,192,515,375,1001,1997,64,44,2080,3353,2257,2842,61,109,2114,1750,173,153,70,74,2338,3139,664,531,193,244,294,290,,,,,,,,,,,,,,,,,,,,,,,,
2:51:09,37,1697,2117,69,44,3198,3891,1624,2914,75,120,2474,2470,153,137,80,65,2396,2417,840,861,200,233,324,377,1293,1911,68,48,2370,3187,1353,2825,71,107,1801,2602,182,149,78,70,2429,2347,689,770,203,185,510,376,1033,2111,56,46,2166,3368,2277,2942,68,112,2214,1748,182,157,65,69,2355,3120,662,529,204,251,293,283,,,,,,,,,,,,,,,,,,,,,,,,
3:01:09,37,1715,2189,68,48,3244,3884,1627,2986,81,121,2553,2451,145,140,82,64,2386,2407,846,859,208,233,322,379,1294,1964,70,43,2406,3214,1353,2864,78,105,1877,2613,179,152,78,75,2442,2364,701,774,209,188,499,378,1048,2183,55,49,2246,3369,2292,3033,70,109,2284,1775,181,163,74,72,2393,3159,662,535,195,246,289,286,,,,,,,,,,,,,,,,,,,,,,,,
3:11:09,37,1701,2269,65,51,3272,3886,1643,3044,81,119,2582,2457,152,140,80,69,2403,2437,843,861,201,231,323,379,1296,2046,67,40,2466,3240,1353,2942,85,105,1917,2614,187,150,80,71,2439,2375,698,776,215,188,511,378,1043,2244,62,43,2293,3367,2293,3083,64,113,2341,1774,185,159,76,63,2373,3168,660,532,193,255,298,288,,,,,,,,,,,,,,,,,,,,,,,,
3:21:09,37,1710,2325,70,46,3299,3908,1626,3104,77,121,2609,2457,155,143,80,64,2396,2422,844,867,209,232,322,374,1312,2098,65,45,2468,3228,1363,3019,82,108,1936,2623,182,153,79,68,2436,2380,695,782,209,182,516,375,1051,2307,58,49,2338,3409,2293,3169,74,110,2393,1789,183,160,76,72,2366,3143,671,531,197,251,293,288,,,,,,,,,,,,,,,,,,,,,,,,
3:31:09,37,1716,2375,70,51,3299,3899,1651,3106,85,118,2656,2471,159,148,77,64,2388,2427,847,873,202,234,324,380,1314,2140,68,41,2494,3206,1361,3033,82,101,1975,2620,178,149,79,66,2468,2391,698,783,218,192,513,381,1059,2359,62,47,2369,3404,2308,3193,75,116,2429,1786,188,159,74,78,2375,3119,666,538,198,255,297,287,,,,,,,,,,,,,,,,,,,,,,,,
3:41:09,37,1700,2411,71,52,3309,3922,1646,3151,83,116,2653,2484,152,144,77,70,2392,2442,845,865,197,229,326,382,1303,2179,70,42,2489,3237,1361,3072,73,103,2011,2627,182,151,83,72,2460,2377,696,778,218,196,509,382,1054,2415,65,46,2361,3397,2304,3254,76,115,2458,1801,184,163,75,73,2382,3150,677,538,197,250,294,288,,,,,,,,,,,,,,,,,,,,,,,,
3:51:09,37,1720,2468,69,53,3314,3928,1647,3118,85,123,2680,2466,149,144,90,68,2396,2439,850,868,197,234,324,382,1309,2223,66,45,2498,3228,1365,3099,78,110,2017,2638,182,150,80,70,2443,2375,696,771,212,188,506,380,1038,2459,60,49,2373,3390,2298,3274,73,112,2504,1794,184,162,75,74,2396,3171,670,539,199,255,294,282,,,,,,,,,,,,,,,,,,,,,,,,
4:01:09,36.9,1715,2518,68,45,3307,3876,1634,3161,88,117,2697,2468,155,141,75,58,2397,2428,850,870,198,234,326,379,1312,2268,68,47,2506,3226,1372,3085,85,114,2037,2619,186,154,82,68,2456,2382,699,774,218,194,515,371,1059,2524,61,53,2398,3406,2300,3280,78,117,2506,1801,181,169,79,74,2384,3174,678,544,194,254,295,282,,,,,,,,,,,,,,,,,,,,,,,,
4:11:09,37,1713,2528,68,55,3311,3909,1639,3145,90,125,2706,2461,156,144,83,68,2408,2432,852,865,196,238,324,383,1320,2301,72,42,2517,3246,1371,3096,85,108,2039,2622,188,153,87,73,2440,2378,701,785,214,195,502,377,1069,2547,61,58,2383,3411,2310,3265,80,117,2541,1779,188,156,73,74,2387,3175,669,536,194,257,297,288,,,,,,,,,,,,,,,,,,,,,,,,
4:21:09,37,1712,2561,68,54,3315,3910,1654,3145,91,123,2702,2482,150,148,86,72,2397,2446,847,871,204,237,323,379,1326,2325,73,48,2512,3245,1377,3116,82,111,2059,2627,182,155,85,72,2468,2393,702,790,215,190,514,379,1058,2571,68,52,2386,3410,2300,3299,74,115,2550,1781,187,164,77,68,2379,3162,679,538,203,252,295,286,,,,,,,,,,,,,,,,,,,,,,,,
4:31:09,37,1704,2557,68,58,3301,3910,1648,3176,89,121,2695,2470,159,146,82,69,2398,2437,856,879,210,232,327,378,1304,2338,73,39,2498,3236,1372,3129,86,113,2046,2635,185,151,78,71,2444,2380,699,783,211,197,508,378,1065,2594,59,48,2406,3405,2311,3322,78,114,2566,1798,185,160,78,74,2385,3152,679,534,202,257,293,283,,,,,,,,,,,,,,,,,,,,,,,,
4:41:09,37,1712,2555,64,45,3316,3923,1649,3162,93,122,2703,2479,159,152,80,66,2375,2439,845,870,201,236,326,382,1315,2341,70,46,2497,3234,1362,3103,88,115,2053,2635,181,156,76,74,2455,2393,694,790,214,192,509,376,1064,2618,68,52,2411,3435,2311,3299,77,114,2566,1798,193,155,78,77,2383,3158,668,542,206,259,290,286,,,,,,,,,,,,,,,,,,,,,,,,
4:51:09,37,1722,2578,69,56,3315,3921,1646,3170,85,122,2683,2469,155,146,85,71,2399,2420,859,874,199,236,325,384,1316,2349,71,49,2509,3240,1355,3115,91,109,2048,2619,182,147,76,76,2454,2385,704,786,218,191,516,382,1056,2637,65,52,2408,3414,2318,3294,80,111,2546,1791,180,160,79,74,2382,3179,677,544,199,257,297,286,,,,,,,,,,,,,,,,,,,,,,,,
5:01:09,37,1706,2589,73,52,3310,3904,1649,3157,92,121,2695,2477,155,142,83,73,2395,2431,851,865,207,242,320,384,1305,2359,69,48,2504,3236,1365,3130,90,112,2043,2618,187,159,75,68,2460,2372,696,794,215,195,515,378,1057,2635,66,53,2399,3430,2326,3300,84,114,2553,1794,189,162,75,76,2387,3159,676,540,201,249,295,287,,,,,,,,,,,,,,,,,,,,,,,,
5:11:09,37,1710,2589,65,50,3309,3878,1643,3156,89,127,2711,2481,151,147,82,67,2398,2434,848,866,201,237,326,384,1307,2364,68,48,2530,3224,1370,3116,94,108,2064,2652,187,153,82,80,2481,2395,694,776,213,196,510,376,1054,2649,64,51,2424,3428,2313,3307,86,110,2583,1794,187,160,77,79,2388,3163,676,550,199,261,299,292,,,,,,,,,,,,,,,,,,,,,,,,
5:21:09,37,1723,2571,69,51,3299,3884,1644,3161,88,115,2696,2465,156,145,74,71,2387,2432,855,878,204,233,322,381,1318,2349,68,51,2520,3228,1374,3124,91,112,2064,2646,183,155,83,74,2446,2391,703,781,214,196,512,378,1053,2659,64,55,2403,3425,2298,3293,87,114,2558,1795,184,158,82,74,2393,3150,674,545,201,252,294,289,,,,,,,,,,,,,,,,,,,,,,,,
5:31:09,37,1717,2577,70,53,3290,3890,1635,3140,91,121,2693,2474,163,145,79,69,2383,2431,851,869,202,242,325,376,1324,2370,73,44,2522,3247,1371,3125,86,113,2061,2643,190,153,81,74,2453,2366,695,787,222,195,512,376,1061,2672,67,53,2402,3442,2319,3314,86,116,2570,1786,190,156,78,81,2373,3163,673,540,205,258,293,285,,,,,,,,,,,,,,,,,,,,,,,,
5:41:09,37,1715,2604,70,51,3302,3899,1642,3156,93,122,2691,2459,154,146,86,72,2386,2445,843,869,202,236,326,373,1316,2358,70,50,2518,3254,1374,3129,89,104,2061,2634,186,150,82,77,2446,2378,702,788,215,195,510,371,1061,2664,66,54,2410,3417,2326,3298,82,120,2587,1796,189,167,76,76,2389,3177,685,546,197,257,292,287,,,,,,,,,,,,,,,,,,,,,,,,
5:51:09,37,1714,2602,67,55,3305,3878,1654,3150,93,121,2716,2474,149,144,85,70,2394,2442,858,860,205,232,319,384,1319,2369,71,48,2513,3225,1368,3128,90,113,2050,2638,185,154,82,71,2466,2373,696,783,216,194,512,384,1070,2671,64,59,2398,3411,2313,3320,84,117,2571,1794,184,168,76,76,2401,3183,676,543,204,254,293,281,,,,,,,,,,,,,,,,,,,,,,,,
6:01:09,37,1708,2604,68,52,3302,3901,1645,3140,93,118,2716,2477,152,143,80,67,2396,2434,865,874,204,230,325,376,1322,2356,69,52,2515,3254,1370,3122,87,113,2065,2638,184,160,79,77,2438,2368,707,782,219,200,512,384,1060,2676,70,53,2414,3413,2316,3296,79,113,2575,1791,190,166,70,78,2384,3154,671,533,204,253,292,285,,,,,,,,,,,,,,,,,,,,,,,,
6:11:09,37,1709,2601,69,58,3319,3875,1644,3141,81,111,2708,2471,154,147,81,73,2389,2421,851,864,203,235,331,387,1314,2378,71,57,2541,3235,1376,3128,85,116,2048,2630,184,155,82,75,2454,2387,704,786,217,195,518,389,1069,2678,69,54,2416,3434,2337,3336,84,116,2572,1796,186,162,84,80,2373,3169,677,544,199,254,301,285,,,,,,,,,,,,,,,,,,,,,,,,
6:21:09,37,1718,2589,75,60,3299,3885,1647,3146,90,120,2678,2478,154,141,86,69,2382,2448,854,872,209,235,329,380,1310,2380,70,50,2502,3217,1366,3123,87,113,2056,2652,188,153,87,74,2442,2364,708,792,211,189,513,374,1061,2678,60,50,2415,3427,2323,3318,82,119,2569,1798,178,166,81,84,2388,3167,672,541,199,257,284,286,,,,,,,,,,,,,,,,,,,,,,,,
6:31:09,37,1706,2603,73,56,3335,3881,1635,3151,90,126,2713,2475,152,143,87,71,2399,2436,859,869,210,233,327,378,1315,2367,76,54,2529,3239,1370,3138,92,110,2074,2665,185,158,83,81,2463,2377,697,793,217,196,510,377,1068,2681,64,52,2410,3459,2333,3332,87,116,2561,1795,190,167,79,77,2401,3170,677,547,199,262,294,289,,,,,,,,,,,,,,,,,,,,,,,,
6:41:09,37,1715,2594,68,57,3318,3891,1637,3172,90,129,2731,2474,160,146,78,70,2399,2450,846,874,202,230,324,372,1306,2384,77,51,2525,3240,1362,3139,91,113,2063,2627,189,159,80,78,2441,2388,696,793,217,191,509,380,1064,2677,71,55,2409,3409,2318,3314,77,117,2567,1810,192,166,79,81,2388,3150,682,545,208,254,296,286,,,,,,,,,,,,,,,,,,,,,,,,
6:51:09,37,1720,2600,70,55,3317,3877,1652,3154,91,123,2707,2471,155,145,82,66,2418,2451,855,875,204,237,322,369,1324,2366,74,47,2537,3240,1378,3130,93,101,2058,2644,192,157,87,72,2462,2377,706,790,220,194,518,388,1071,2672,69,56,2419,3414,2323,3340,83,121,2576,1802,190,164,79,77,2408,3168,678,536,205,248,288,283,,,,,,,,,,,,,,,,,,,,,,,,
7:01:09,37,1719,2609,73,58,3298,3900,1646,3140,100,123,2704,2471,158,146,83,69,2405,2447,851,869,203,232,326,382,1317,2372,74,54,2505,3257,1365,3128,93,115,2063,2634,190,166,86,74,2450,2390,705,781,211,198,514,382,1069,2683,69,55,2405,3418,2346,3329,87,121,2567,1816,193,172,75,81,2385,3165,670,542,194,258,289,284,,,,,,,,,,,,,,,,,,,,,,,,
7:11:09,37,1724,2604,69,52,3311,3896,1651,3151,93,121,2703,2465,154,147,87,67,2405,2447,853,868,203,235,328,378,1325,2369,62,54,2520,3256,1375,3133,93,113,2063,2622,185,153,81,70,2467,2388,703,795,217,190,518,377,1059,2706,69,50,2424,3421,2332,3337,83,117,2573,1813,191,163,81,76,2396,3182,674,540,204,256,290,286,,,,,,,,,,,,,,,,,,,,,,,,
7:21:09,37,1726,2591,67,57,3303,3883,1658,3148,96,123,2701,2458,158,146,84,75,2399,2440,855,862,208,238,333,385,1315,2389,71,46,2514,3265,1382,3133,92,115,2058,2638,192,158,88,75,2460,2374,702,780,209,186,514,377,1082,2674,61,51,2424,3433,2344,3349,89,119,2588,1797,185,168,80,79,2407,3168,684,540,205,260,292,286,,,,,,,,,,,,,,,,,,,,,,,,
7:31:09,37,1712,2590,72,57,3292,3898,1654,3136,98,124,2701,2463,152,144,85,73,2406,2448,857,865,208,238,320,383,1318,2374,76,50,2512,3236,1366,3132,94,113,2083,2634,185,155,86,71,2453,2371,709,777,210,191,520,376,1073,2678,68,57,2420,3415,2328,3311,81,121,2580,1801,191,166,77,83,2394,3169,679,539,201,256,283,287,,,,,,,,,,,,,,,,,,,,,,,,
7:41:09,37,1714,2596,67,59,3318,3903,1639,3176,98,126,2716,2466,154,144,85,72,2400,2439,850,862,202,230,329,385,1320,2373,76,46,2519,3248,1375,3128,95,109,2065,2631,189,146,77,79,2448,2391,709,780,211,188,508,379,1072,2688,68,52,2416,3424,2320,3328,90,115,2586,1807,183,166,80,73,2409,3174,675,533,199,254,292,287,,,,,,,,,,,,,,,,,,,,,,,,
7:51:09,37,1716,2593,71,57,3303,3900,1650,3171,92,121,2695,2450,151,145,80,75,2398,2428,851,864,203,239,329,383,1310,2370,73,49,2525,3259,1378,3127,91,112,2060,2650,186,155,82,76,2457,2377,702,785,215,190,519,371,1060,2668,68,53,2424,3423,2337,3331,86,113,2583,1801,189,165,78,81,2385,3170,678,540,206,253,297,287,,,,,,,,,,,,,,,,,,,,,,,,
8:01:09,37,1709,2586,74,52,3314,3893,1647,3148,98,121,2696,2465,150,146,85,73,2380,2419,856,857,199,235,327,376,1312,2374,75,55,2520,3216,1378,3127,93,110,2057,2632,186,157,86,74,2452,2379,704,782,216,197,512,381,1064,2701,65,57,2403,3435,2320,3340,86,117,2574,1805,180,161,79,76,2396,3178,680,535,203,254,290,288,,,,,,,,,,,,,,,,,,,,,,,,
8:11:09,37,1709,2598,75,61,3297,3881,1650,3143,99,129,2696,2462,149,145,81,69,2397,2421,842,865,209,234,330,383,1318,2371,77,52,2511,3242,1377,3121,91,107,2045,2619,186,150,83,79,2457,2367,695,783,211,193,518,380,1069,2669,69,59,2432,3417,2326,3321,89,118,2567,1804,191,166,87,79,2383,3157,677,546,198,254,293,282,,,,,,,,,,,,,,,,,,,,,,,,
8:21:09,37,1704,2593,73,60,3301,3892,1637,3149,97,122,2695,2464,155,148,81,67,2374,2430,852,855,206,235,320,379,1307,2354,77,48,2523,3246,1373,3143,92,116,2060,2625,181,155,80,74,2451,2379,698,779,207,191,514,376,1066,2689,73,53,2432,3445,2344,3350,82,120,2594,1803,188,166,80,84,2397,3178,680,540,196,248,292,289,,,,,,,,,,,,,,,,,,,,,,,,
8:31:09,37,1701,2594,74,60,3315,3906,1650,3155,96,122,2696,2484,164,146,85,69,2395,2447,866,868,204,241,323,378,1299,2375,71,47,2519,3242,1377,3140,90,113,2062,2637,188,157,84,76,2461,2380,702,784,216,198,508,378,1077,2686,70,58,2425,3425,2326,3332,85,123,2567,1803,193,165,81,82,2405,3171,670,540,201,249,289,287,,,,,,,,,,,,,,,,,,,,,,,,
8:41:09,37,1706,2607,79,54,3291,3879,1645,3162,95,125,2681,2454,154,145,84,71,2398,2430,855,868,203,235,327,381,1324,2377,76,55,2533,3243,1373,3116,99,110,2060,2609,189,153,84,71,2454,2380,698,787,212,196,515,372,1069,2714,67,58,2428,3413,2363,3328,88,117,2592,1805,189,166,80,77,2384,3177,680,535,196,255,292,285,,,,,,,,,,,,,,,,,,,,,,,,
8:51:09,37,1714,2574,69,56,3315,3888,1653,3170,101,124,2683,2462,156,145,82,70,2395,2436,854,864,204,234,331,379,1314,2366,76,55,2507,3246,1365,3144,92,112,2067,2625,187,156,81,78,2454,2376,709,791,207,190,514,374,1066,2700,69,58,2452,3436,2356,3349,87,116,2578,1815,187,166,85,76,2411,3191,679,538,199,253,294,291,,,,,,,,,,,,,,,,,,,,,,,,
9:01:09,37,1707,2591,74,59,3301,3848,1646,3181,97,123,2683,2459,156,147,82,61,2383,2427,853,864,208,239,326,379,1315,2369,74,57,2502,3252,1380,3139,94,111,2065,2625,189,156,92,68,2440,2372,700,791,218,193,511,374,1068,2703,65,51,2431,3432,2324,3333,89,120,2567,1811,188,167,83,76,2414,3185,674,543,204,252,293,285,,,,,,,,,,,,,,,,,,,,,,,,
9:11:09,37,1703,2587,71,58,3305,3900,1659,3138,96,115,2698,2443,155,144,81,71,2394,2428,854,850,201,237,327,372,1324,2363,73,53,2514,3234,1388,3110,91,113,2059,2623,185,155,78,80,2462,2382,695,780,213,197,515,384,1059,2695,69,56,2438,3438,2326,3341,87,120,2587,1807,197,166,80,76,2395,3176,677,539,209,252,291,284,,,,,,,,,,,,,,,,,,,,,,,,
9:21:09,37,1712,2593,71,59,3287,3890,1651,3127,93,128,2694,2463,156,144,85,72,2386,2448,838,868,202,235,325,382,1307,2359,77,45,2520,3218,1379,3127,96,112,2054,2627,187,155,85,80,2455,2371,701,783,214,189,511,380,1072,2688,62,61,2416,3440,2326,3341,88,116,2583,1803,189,167,79,78,2402,3191,678,541,205,257,296,289,,,,,,,,,,,,,,,,,,,,,,,,
9:31:09,37,1704,2594,67,54,3319,3894,1640,3147,90,120,2719,2465,158,147,83,75,2392,2435,854,857,211,234,320,381,1307,2373,74,54,2512,3239,1377,3115,93,110,2078,2633,191,159,86,75,2440,2374,702,789,215,191,515,378,1076,2698,68,54,2419,3410,2346,3328,84,127,2573,1814,194,167,80,78,2409,3188,680,541,201,254,291,284,,,,,,,,,,,,,,,,,,,,,,,,
9:41:09,37,1702,2592,72,54,3302,3883,1647,3146,95,120,2707,2452,160,144,82,67,2393,2416,846,853,206,241,325,380,1302,2376,74,52,2536,3226,1376,3123,99,115,2060,2635,188,158,89,77,2464,2374,699,784,218,191,519,371,1069,2709,69,56,2416,3417,2351,3328,90,122,2586,1829,190,169,83,75,2394,3173,678,541,202,255,293,289,,,,,,,,,,,,,,,,,,,,,,,,
9:51:09,37,1716,2605,74,56,3305,3905,1640,3155,97,122,2709,2466,155,147,79,74,2381,2415,842,863,206,234,322,380,1304,2356,83,55,2509,3235,1384,3129,94,112,2061,2631,193,160,83,78,2461,2366,690,785,215,190,513,374,1067,2682,66,58,2428,3437,2336,3343,91,119,2577,1793,194,171,87,75,2416,3188,687,533,199,256,291,290,,,,,,,,,,,,,,,,,,,,,,,,
10:01:09,37,1698,2596,74,57,3313,3867,1638,3135,92,119,2714,2464,153,145,82,70,2392,2445,836,869,202,238,318,378,1310,2369,74,52,2515,3259,1372,3128,97,107,2066,2601,190,156,82,77,2445,2385,693,787,215,198,516,375,1068,2708,66,61,2416,3409,2348,3343,88,121,2589,1809,190,166,85,74,2388,3153,676,537,207,255,291,289,,,,,,,,,,,,,,,,,,,,,,,,
10:11:09,37,1707,2577,70,55,3300,3884,1642,3154,96,120,2691,2459,156,145,79,68,2401,2425,848,865,206,238,328,378,1306,2367,72,47,2507,3236,1368,3130,95,113,2057,2620,182,158,82,80,2444,2370,697,784,209,193,519,378,1073,2697,71,55,2419,3426,2346,3330,90,120,2592,1796,182,164,82,80,2389,3174,680,532,204,257,289,285,,,,,,,,,,,,,,,,,,,,,,,,
10:21:09,37,1710,2596,75,58,3323,3870,1644,3135,99,117,2694,2459,157,150,80,71,2370,2411,857,852,208,233,330,380,1305,2356,76,53,2532,3216,1384,3125,97,120,2071,2609,187,157,81,77,2445,2385,692,788,213,194,516,382,1075,2718,71,54,2419,3443,2346,3335,92,118,2588,1805,187,171,83,79,2424,3195,677,541,201,254,289,290,,,,,,,,,,,,,,,,,,,,,,,,
10:31:09,37,1714,2591,75,56,3337,3915,1665,3221,100,120,2744,2541,150,151,82,81,2459,2486,879,904,214,246,342,390,1321,2379,75,54,2542,3293,1403,3161,106,114,2103,2687,191,164,86,78,2540,2447,721,813,223,199,524,393,1071,2710,68,51,2463,3494,2365,3398,95,122,2650,1834,192,164,81,84,2462,3283,698,559,211,267,297,300,,,,,,,,,,,,,,,,,,,,,,,,
10:41:09,37,1706,2614,76,60,3311,3923,1666,3209,94,122,2742,2523,163,148,91,69,2466,2495,878,895,216,249,339,394,1315,2376,74,52,2535,3276,1399,3186,98,113,2111,2701,196,159,81,80,2532,2428,717,808,220,201,529,385,1067,2728,65,63,2467,3473,2375,3413,91,120,2645,1846,194,172,84,86,2473,3296,700,560,213,267,298,301,,,,,,,,,,,,,,,,,,,,,,,,
10:51:09,37,1706,2595,74,58,3331,3914,1664,3206,95,126,2755,2520,164,153,86,69,2454,2492,888,906,210,246,346,398,1320,2372,75,55,2536,3278,1396,3169,98,118,2111,2697,189,161,84,78,2505,2465,716,813,224,208,531,398,1075,2720,71,56,2462,3484,2370,3398,95,118,2648,1842,198,170,83,81,2462,3276,699,556,209,271,305,301,,,,,,,,,,,,,,,,,,,,,,,,
11:01:09,37,1705,2599,68,55,3314,3924,1667,3190,96,127,2741,2505,164,148,85,75,2461,2477,884,898,209,234,332,387,1310,2366,75,51,2534,3272,1406,3165,96,124,2090,2693,194,154,83,75,2540,2441,721,811,223,196,532,389,1069,2715,69,55,2447,3499,2389,3379,93,122,2644,1852,190,171,74,77,2465,3271,700,555,216,264,303,291,,,,,,,,,,,,,,,,,,,,,,,,
11:11:09,37,1909,2898,78,71,3988,4707,2016,3931,121,155,3483,3184,197,196,109,87,3057,2984,1115,1162,267,320,426,477,1448,2647,84,61,2999,3843,1723,3856,116,140,2515,3351,251,207,109,97,3088,3026,885,1030,276,256,630,472,1173,3054,72,54,2900,4067,2865,4110,101,146,3255,2201,240,205,99,98,3018,4113,854,692,266,336,381,375,,,,,,,,,,,,,,,,,,,,,,,,
11:21:09,37,1923,2896,88,72,3973,4705,2007,3950,126,156,3474,3188,193,192,107,94,3029,2978,1123,1174,266,318,427,476,1448,2644,88,61,2975,3809,1712,3839,116,142,2531,3348,252,201,104,98,3064,3018,891,1037,268,261,616,467,1170,3053,82,63,2870,4058,2836,4110,104,144,3270,2187,243,207,99,106,3012,4112,843,688,257,327,375,372,,,,,,,,,,,,,,,,,,,,,,,,
11:31:09,37,1896,2908,85,72,3965,4682,2001,3952,120,156,3496,3157,195,191,111,92,3028,2967,1115,1173,265,316,422,478,1439,2658,90,68,2998,3816,1711,3828,113,147,2510,3344,240,200,103,101,3076,3024,892,1035,271,254,618,463,1169,3061,76,70,2898,4067,2864,4074,108,149,3278,2192,243,213,102,110,2988,4119,846,696,261,331,383,372,,,,,,,,,,,,,,,,,,,,,,,,
11:41:09,37,1909,2890,79,67,3952,4717,2010,3947,119,157,3465,3156,194,189,103,90,3033,2961,1121,1181,264,321,426,469,1466,2639,84,63,2979,3821,1713,3856,119,146,2515,3350,243,196,104,103,3062,2996,898,1033,275,256,630,470,1176,3066,84,61,2875,4044,2861,4113,115,157,3294,2188,252,208,98,101,2998,4130,842,690,265,336,373,365,,,,,,,,,,,,,,,,,,,,,,,,
11:51:09,37,1909,2902,86,65,3971,4690,1995,3964,120,157,3485,3199,194,192,109,94,3035,2974,1118,1171,262,313,425,470,1444,2645,85,68,2973,3825,1716,3838,121,139,2515,3337,246,195,105,96,3077,3009,883,1028,276,260,622,470,1165,3073,80,61,2878,4064,2844,4106,106,154,3276,2187,241,207,94,107,2982,4109,840,697,258,335,375,366,,,,,,,,,,,,,,,,,,,,,,,,
12:01:09,37,1900,2884,83,69,3968,4716,1997,3974,121,150,3460,3163,202,189,105,88,3026,2966,1108,1170,260,320,428,476,1444,2650,81,61,3004,3840,1709,3829,120,148,2524,3352,250,197,112,98,3063,3026,892,1035,277,263,624,470,1176,3072,79,66,2900,4070,2851,4107,106,149,3285,2192,241,212,99,97,3007,4113,848,701,260,336,385,362,,,,,,,,,,,,,,,,,,,,,,,,
12:11:09,37,1907,2899,85,69,3958,4683,1996,3958,115,159,3479,3174,197,194,112,91,3025,2978,1113,1170,259,324,435,475,1443,2639,85,64,2980,3832,1707,3839,114,143,2529,3349,238,202,107,98,3051,3007,888,1025,276,261,624,463,1167,3070,83,68,2878,4046,2853,4094,108,147,3268,2176,244,213,98,94,3008,4130,854,687,263,336,372,372,,,,,,,,,,,,,,,,,,,,,,,,
12:21:09,37,1894,2896,86,73,3972,4701,2008,3936,119,160,3466,3179,192,189,111,92,3037,2971,1109,1174,266,314,424,474,1436,2638,84,58,2996,3815,1713,3815,117,140,2511,3329,251,195,106,97,3056,3013,889,1033,274,268,620,481,1174,3053,80,59,2896,4049,2845,4128,106,146,3271,2190,241,214,101,106,3009,4094,846,692,260,332,385,371,,,,,,,,,,,,,,,,,,,,,,,,
12:31:09,37,1904,2894,83,71,3965,4678,1998,3950,118,162,3490,3175,197,189,108,86,3031,2976,1105,1173,260,326,420,468,1438,2638,84,69,2983,3804,1706,3835,116,143,2513,3348,240,199,114,103,3064,3001,887,1025,271,257,632,464,1178,3065,81,70,2870,4034,2846,4082,100,148,3272,2190,240,209,100,94,2999,4154,847,686,262,337,384,373,,,,,,,,,,,,,,,,,,,,,,,,
12:41:09,37,1909,2898,84,61,3993,4717,2007,3957,124,155,3488,3157,192,191,111,91,3032,2955,1128,1172,262,324,423,475,1444,2658,86,61,2980,3803,1707,3839,111,141,2528,3346,241,201,109,97,3070,3015,887,1037,277,260,623,474,1184,3057,77,60,2897,4056,2861,4109,113,147,3284,2207,244,218,100,104,2990,4152,840,702,257,337,390,368,,,,,,,,,,,,,,,,,,,,,,,,
12:51:09,37,1902,2903,85,68,3972,4706,2005,3951,122,154,3491,3173,198,192,114,91,3036,2961,1121,1163,273,323,427,477,1439,2650,88,60,2970,3811,1723,3849,123,150,2521,3347,247,197,118,96,3072,3025,881,1024,279,257,630,467,1173,3066,77,66,2891,4080,2848,4124,108,151,3281,2188,240,212,98,99,3033,4130,849,710,266,334,387,365,,,,,,,,,,,,,,,,,,,,,,,,
13:01:09,37,1915,2904,84,74,3983,4693,2006,3935,122,154,3464,3170,195,184,115,91,3060,2962,1114,1162,263,322,429,473,1443,2636,86,64,2996,3801,1706,3817,117,146,2517,3327,250,207,105,102,3088,3003,893,1025,274,259,624,473,1168,3046,80,71,2880,4057,2858,4088,106,149,3260,2191,247,209,101,106,3005,4130,844,701,260,331,381,369,,,,,,,,,,,,,,,,,,,,,,,,
13:11:09,37,1884,2888,88,74,3975,4678,2005,3942,122,154,3445,3145,199,191,108,94,3032,2961,1124,1162,262,319,422,473,1439,2629,80,66,2965,3817,1703,3837,119,148,2504,3355,241,193,105,97,3088,3025,896,1028,269,257,625,468,1174,3072,83,66,2871,4069,2849,4127,105,151,3283,2193,245,205,100,100,3002,4115,835,686,258,336,385,371,,,,,,,,,,,,,,,,,,,,,,,,
13:21:09,37,,,,,,,,,,,,,,,,,,,,,,,,,,,,,,,,,,,,,,,,,,,,,,,,,,,,,,,,,,,,,,,,,,,,,,,,,,,,,,,,,,,,,,,,,,,,,,,,
0:00:00,,,,,,,,,,,,,,,,,,,,,,,,,,,,,,,,,,,,,,,,,,,,,,,,,,,,,,,,,,,,,,,,,,,,,,,,,,,,,,,,,,,,,,,,,,,,,,,,,
0:00:00,,,,,,,,,,,,,,,,,,,,,,,,,,,,,,,,,,,,,,,,,,,,,,,,,,,,,,,,,,,,,,,,,,,,,,,,,,,,,,,,,,,,,,,,,,,,,,,,,
0:00:00,,,,,,,,,,,,,,,,,,,,,,,,,,,,,,,,,,,,,,,,,,,,,,,,,,,,,,,,,,,,,,,,,,,,,,,,,,,,,,,,,,,,,,,,,,,,,,,,,
0:00:00,,,,,,,,,,,,,,,,,,,,,,,,,,,,,,,,,,,,,,,,,,,,,,,,,,,,,,,,,,,,,,,,,,,,,,,,,,,,,,,,,,,,,,,,,,,,,,,,,
0:00:00,,,,,,,,,,,,,,,,,,,,,,,,,,,,,,,,,,,,,,,,,,,,,,,,,,,,,,,,,,,,,,,,,,,,,,,,,,,,,,,,,,,,,,,,,,,,,,,,,
0:00:00,,,,,,,,,,,,,,,,,,,,,,,,,,,,,,,,,,,,,,,,,,,,,,,,,,,,,,,,,,,,,,,,,,,,,,,,,,,,,,,,,,,,,,,,,,,,,,,,,
0:00:00,,,,,,,,,,,,,,,,,,,,,,,,,,,,,,,,,,,,,,,,,,,,,,,,,,,,,,,,,,,,,,,,,,,,,,,,,,,,,,,,,,,,,,,,,,,,,,,,,
0:00:00,,,,,,,,,,,,,,,,,,,,,,,,,,,,,,,,,,,,,,,,,,,,,,,,,,,,,,,,,,,,,,,,,,,,,,,,,,,,,,,,,,,,,,,,,,,,,,,,,
0:00:00,,,,,,,,,,,,,,,,,,,,,,,,,,,,,,,,,,,,,,,,,,,,,,,,,,,,,,,,,,,,,,,,,,,,,,,,,,,,,,,,,,,,,,,,,,,,,,,,,
0:00:00,,,,,,,,,,,,,,,,,,,,,,,,,,,,,,,,,,,,,,,,,,,,,,,,,,,,,,,,,,,,,,,,,,,,,,,,,,,,,,,,,,,,,,,,,,,,,,,,,
0:00:00,,,,,,,,,,,,,,,,,,,,,,,,,,,,,,,,,,,,,,,,,,,,,,,,,,,,,,,,,,,,,,,,,,,,,,,,,,,,,,,,,,,,,,,,,,,,,,,,,
0:00:00,,,,,,,,,,,,,,,,,,,,,,,,,,,,,,,,,,,,,,,,,,,,,,,,,,,,,,,,,,,,,,,,,,,,,,,,,,,,,,,,,,,,,,,,,,,,,,,,,
0:00:00,,,,,,,,,,,,,,,,,,,,,,,,,,,,,,,,,,,,,,,,,,,,,,,,,,,,,,,,,,,,,,,,,,,,,,,,,,,,,,,,,,,,,,,,,,,,,,,,,
0:00:00,,,,,,,,,,,,,,,,,,,,,,,,,,,,,,,,,,,,,,,,,,,,,,,,,,,,,,,,,,,,,,,,,,,,,,,,,,,,,,,,,,,,,,,,,,,,,,,,,
0:00:00,,,,,,,,,,,,,,,,,,,,,,,,,,,,,,,,,,,,,,,,,,,,,,,,,,,,,,,,,,,,,,,,,,,,,,,,,,,,,,,,,,,,,,,,,,,,,,,,,
0:00:00,,,,,,,,,,,,,,,,,,,,,,,,,,,,,,,,,,,,,,,,,,,,,,,,,,,,,,,,,,,,,,,,,,,,,,,,,,,,,,,,,,,,,,,,,,,,,,,,,