,,,,,,,,,,,,,,,,,,,,,,,,,,,,,,,,,,,,,
,,,,,,,,,,,,,,,,,,,,,,,,,,,,,,,,,,,,,
Time,"TÂ° 575,620",A1,A2,A3,A4,A5,A6,A7,A8,A9,A10,A11,A12,B1,B2,B3,B4,B5,B6,B7,B8,B9,B10,B11,B12,C1,C2,C3,C4,C5,C6,C7,C8,C9,C10,C11,C12
0:00:00,30,17,29,13,27,28,7,21,25,25,24,22,21,16,4,17,19,18,21,24,33,27,20,16,25,23,18,10,9,17,10,16,22,23,31,23,15
0:01:00,30,22,17,25,9,25,14,23,26,23,38,13,26,14,20,25,24,24,15,17,25,22,25,29,31,7,15,22,19,23,27,13,20,13,18,13,24
0:02:00,30,30,24,20,23,23,23,24,28,29,16,20,22,22,13,24,21,16,36,20,26,24,22,26,15,24,31,23,15,23,24,24,21,13,21,12,29
0:03:00,30,23,12,14,24,33,25,23,28,27,30,19,22,7,25,19,22,16,28,23,18,20,28,24,24,14,12,17,10,17,18,34,26,26,19,22,29
0:04:00,30,23,24,26,13,29,26,14,26,18,29,29,15,23,19,19,22,19,17,6,1,21,17,11,19,11,12,18,21,19,12,19,30,11,12,25,18
0:05:00,30,22,20,10,27,29,25,25,28,21,39,12,27,20,20,15,10,19,20,21,23,33,20,25,25,9,18,24,24,24,22,12,25,25,25,33,24
0:06:00,30,14,17,17,9,29,14,19,21,23,33,23,19,5,15,7,17,17,5,24,25,23,26,20,14,20,11,17,12,18,21,13,16,10,19,9,36
0:07:00,30,28,26,25,9,22,12,15,10,25,31,22,28,19,27,17,28,20,19,17,22,26,25,16,21,20,23,9,20,14,17,33,21,22,26,15,18
0:08:00,30,23,17,23,20,31,35,14,24,24,20,21,26,19,23,19,30,6,12,32,10,20,28,17,15,15,17,8,18,29,16,23,18,22,22,12,28
0:09:00,30,23,25,22,23,23,25,22,13,24,32,16,20,18,18,28,27,16,19,18,33,17,23,17,34,25,30,20,11,30,20,12,23,23,28,11,23
0:10:00,30,31,30,19,13,23,30,15,25,14,30,29,18,12,34,10,11,17,18,27,26,25,17,23,20,10,21,17,14,30,21,14,17,10,22,17,26
0:11:00,30.1,24,5,29,22,31,29,19,20,15,19,18,24,13,22,12,17,17,27,16,20,14,26,29,19,27,19,19,11,14,20,5,23,20,25,22,20
0:12:00,30,21,18,23,23,30,13,14,20,12,29,22,13,30,12,15,23,17,14,27,7,28,20,26,20,21,18,20,21,16,19,21,22,23,12,18,23
0:13:00,30,20,22,19,15,26,28,9,27,29,25,26,20,15,11,26,22,19,26,15,15,12,25,17,23,24,16,16,24,29,7,26,19,18,17,15,25
0:14:00,30,20,24,19,11,30,15,18,24,16,25,30,13,5,26,18,14,24,18,10,20,22,14,17,30,25,18,16,24,24,4,12,24,15,11,27,18
0:15:00,30,17,33,9,14,23,15,14,21,28,36,21,9,6,27,27,28,23,26,19,23,14,26,22,21,16,12,19,22,17,31,17,22,9,15,22,25
0:16:00,30,31,14,22,26,29,20,20,24,27,18,23,17,4,18,18,17,11,20,32,31,23,19,21,18,30,26,15,12,22,22,23,20,22,23,24,22
0:17:00,30,8,27,17,14,17,17,24,34,13,24,29,17,11,16,15,18,24,27,15,11,28,11,17,30,14,17,14,22,17,28,23,28,14,21,11,16
0:18:00,30,18,16,12,22,39,27,14,21,28,2,13,20,21,25,22,33,17,13,18,32,23,25,27,21,22,27,24,9,22,20,29,17,12,13,22,15
0:19:00,30,11,17,17,16,23,13,32,25,25,23,12,21,15,15,18,26,23,15,35,17,26,1,22,21,5,21,21,29,15,21,28,21,10,16,15,25
0:20:00,30,21,9,26,32,15,30,31,21,24,26,20,17,25,23,19,24,15,15,18,31,22,17,20,8,25,25,18,22,15,17,22,21,17,21,21,26
0:21:00,30,21,23,17,19,23,16,18,29,26,21,20,17,5,16,13,19,16,27,22,27,21,24,25,25,9,35,18,18,25,12,23,19,21,19,19,13
0:22:00,30,16,24,11,23,23,21,21,18,20,26,17,21,7,20,25,20,8,19,14,12,21,24,38,13,21,20,22,20,30,18,15,25,27,19,17,28
0:23:00,30,30,13,26,15,21,29,14,24,26,31,27,18,16,26,22,35,15,16,27,24,14,30,15,11,12,20,17,22,22,19,22,22,24,14,22,22
0:24:00,30,31,22,23,16,18,21,14,18,18,22,18,14,28,24,21,18,20,23,20,28,18,24,26,29,20,18,16,23,25,21,21,13,13,15,20,16
0:25:00,30,20,17,22,20,28,20,21,17,23,22,19,34,19,12,25,22,30,14,28,8,18,18,18,15,26,16,14,8,25,17,18,19,20,18,18,14
0:26:00,30,27,28,30,18,28,25,16,22,15,18,19,23,18,15,23,21,11,26,30,22,15,21,12,34,13,21,18,17,24,6,26,23,18,23,7,28
0:27:00,30,23,25,21,7,30,23,8,17,24,31,18,33,20,21,24,20,17,22,27,24,30,18,22,27,17,26,21,17,18,23,21,21,15,18,16,27
0:28:00,30,20,27,23,18,30,16,19,26,16,19,28,20,18,19,14,21,18,16,21,24,28,18,24,22,16,14,21,21,19,15,17,31,19,18,12,21
0:29:00,30,29,17,22,22,17,16,24,27,15,32,13,23,16,25,6,13,5,11,14,23,19,18,20,22,15,20,25,12,21,18,13,26,25,22,25,12
0:30:00,30,19,16,23,19,27,22,21,14,20,23,18,22,7,17,30,41,22,14,19,20,23,19,29,12,12,13,16,15,27,13,14,19,24,12,18,22
0:31:00,30,15,24,8,17,21,25,16,20,21,23,24,28,8,18,26,25,14,16,10,12,31,22,23,29,21,24,22,6,16,11,18,21,24,24,18,32
0:32:00,30,19,15,15,19,25,20,14,21,19,17,12,19,10,19,17,31,13,24,31,15,21,17,20,25,13,27,23,26,30,17,14,31,17,17,18,19
0:33:00,30,26,25,22,19,25,28,19,27,20,23,31,11,26,32,14,21,17,19,13,11,27,32,13,18,18,6,23,22,29,17,25,26,15,18,24,27
0:34:00,30,25,22,23,20,23,21,9,25,30,20,16,27,23,17,28,11,19,20,23,16,19,15,25,18,15,9,26,18,23,23,32,14,26,28,35,19
0:35:00,30,24,11,22,23,18,21,28,24,25,30,28,20,7,26,27,17,12,19,17,15,14,22,29,19,9,31,14,13,11,17,22,25,21,20,5,26
0:36:00,30,20,26,29,8,23,17,25,18,18,20,15,15,20,26,24,25,15,19,16,20,22,20,18,19,16,17,31,20,15,21,21,20,14,25,19,30
0:37:00,30,20,33,31,15,30,22,10,19,8,28,26,20,20,22,24,31,27,10,26,10,14,24,5,34,14,27,21,23,20,16,23,20,29,22,23,28
0:38:00,30,21,16,14,27,17,12,18,2,23,41,14,20,19,19,33,21,20,24,25,20,15,18,24,14,10,23,18,19,28,17,23,21,19,24,22,26
0:39:00,30,15,25,14,25,21,12,22,25,27,25,24,33,15,25,25,13,17,25,23,25,17,28,20,27,20,29,29,19,20,15,21,16,14,20,29,20
0:40:00,30,23,22,18,17,24,17,28,15,22,33,18,21,10,31,20,26,20,16,14,19,18,23,36,22,20,23,14,19,33,19,21,21,25,16,23,19
0:41:00,30,22,26,18,10,18,24,17,20,26,32,23,21,18,23,20,21,27,18,14,19,32,19,16,30,9,24,19,20,17,14,31,20,19,29,16,24
0:42:00,30,11,29,16,23,16,23,18,19,30,22,17,17,11,33,26,12,23,16,13,23,24,26,23,12,14,17,22,16,22,13,21,11,18,24,19,15
0:43:00,30,11,34,33,12,10,13,23,22,12,17,32,20,17,32,27,31,16,20,18,25,33,30,26,1,27,35,28,21,16,12,25,12,20,18,16,32
0:44:00,30,36,44,14,18,19,16,24,33,28,22,24,23,18,37,33,20,19,21,28,16,38,23,11,25,19,29,30,19,20,18,19,18,6,23,15,25
0:45:00,30,29,34,20,24,33,19,25,28,29,17,24,19,34,37,37,8,16,22,15,21,17,21,17,19,21,35,28,23,31,8,16,18,20,18,35,25
0:46:00,30,14,43,34,13,25,21,19,26,18,25,16,22,14,45,42,13,19,34,11,16,32,26,20,25,29,30,29,18,16,13,7,19,14,7,14,25
0:47:00,30,26,40,35,27,30,15,24,17,19,33,19,17,27,17,37,15,27,15,23,18,22,16,23,23,19,33,24,21,21,21,21,24,21,24,20,24
0:48:00,30,18,36,23,15,28,15,18,30,22,18,23,29,14,51,44,19,18,21,25,16,26,22,16,29,21,40,20,26,22,14,12,15,18,13,16,22
0:49:00,30,29,38,32,15,30,12,22,27,22,34,23,16,15,45,32,29,10,14,16,14,9,21,22,25,18,28,36,21,32,25,12,24,11,17,28,10
0:50:00,30,26,37,30,21,23,25,20,27,29,19,29,37,11,39,51,19,21,22,19,21,25,14,17,13,16,37,33,19,21,19,8,18,15,31,21,16
0:51:00,30,18,37,32,20,18,8,22,19,22,22,18,22,17,42,51,22,14,22,21,19,14,21,15,28,25,31,38,22,38,9,10,14,24,15,24,27
0:52:00,30,10,43,33,25,25,14,17,14,21,26,22,12,16,47,51,32,15,18,17,23,24,25,25,26,23,30,31,12,26,13,24,28,28,14,15,12
0:53:00,30,22,47,32,25,32,25,20,28,16,26,11,30,14,51,41,28,26,4,20,28,22,20,18,20,15,37,27,25,17,18,17,28,13,24,10,20
0:54:00,30,38,50,35,11,31,23,21,29,26,22,17,27,18,46,44,17,24,17,14,23,26,14,21,18,13,33,38,13,25,16,27,20,16,20,15,21
0:55:00,30,32,51,33,26,29,21,12,9,16,32,13,20,18,40,54,22,26,20,15,18,17,29,15,17,15,31,29,18,20,20,11,30,25,19,23,20
0:56:00,30,32,55,43,20,20,26,26,17,23,30,15,10,5,72,57,25,16,20,19,12,23,11,10,22,28,53,49,18,26,16,18,19,24,19,18,18
0:57:00,30,19,55,40,25,28,31,25,22,29,38,20,29,23,68,56,33,16,14,16,18,16,16,22,30,13,58,48,17,20,12,19,13,13,13,19,29
0:58:00,30,28,76,35,9,32,27,21,25,27,15,18,17,18,66,67,21,22,26,14,15,25,19,16,19,20,59,38,25,28,19,8,19,17,21,26,4
0:59:00,30,20,80,48,27,24,20,19,25,30,30,26,22,8,62,62,23,26,25,13,4,18,25,24,23,22,55,53,25,19,32,20,19,33,17,15,21
1:00:00,30,26,75,36,24,28,20,28,22,18,36,18,23,11,78,70,24,28,21,29,27,27,29,27,22,14,72,62,22,24,28,13,29,21,32,19,31
1:01:00,30,14,65,54,15,19,16,15,21,20,29,23,28,3,79,73,16,32,27,28,14,13,25,13,20,28,62,58,24,18,19,23,25,15,24,15,29
1:02:00,30,29,78,54,23,23,22,24,17,14,27,17,27,15,89,92,26,27,18,26,12,24,17,25,16,24,62,55,24,15,20,13,12,21,20,18,28
1:03:00,30,24,80,46,15,27,32,22,25,30,24,19,17,17,86,88,27,28,6,18,23,31,17,13,17,25,67,72,21,26,20,23,22,18,24,23,26
1:04:00,30,13,100,48,10,20,24,14,21,11,28,15,27,15,99,101,33,23,12,15,24,28,26,15,29,16,74,69,9,32,24,16,19,14,22,25,23
1:05:00,30,30,102,49,18,31,18,27,25,28,26,23,21,13,95,84,24,16,18,19,21,31,21,28,20,20,81,58,18,21,15,22,11,19,12,17,25
1:06:00,30,20,80,49,19,23,17,28,25,21,33,21,17,8,107,88,23,23,22,24,13,26,18,29,30,14,81,89,23,29,17,15,24,15,15,21,16
1:07:00,30,29,104,57,21,39,33,15,17,25,24,27,19,23,117,112,26,27,22,17,22,43,36,25,26,20,96,74,18,20,28,24,18,15,21,32,27
1:08:00,30,28,119,47,23,29,33,32,26,25,32,19,18,13,117,119,16,19,22,15,23,30,29,24,14,23,94,90,19,31,12,24,22,21,20,30,21
1:09:00,30,26,123,64,22,29,31,17,24,17,40,21,29,16,136,133,24,24,22,14,24,42,22,17,11,24,114,94,17,22,23,14,30,17,29,31,33
1:10:00,30,18,126,75,15,19,20,17,25,25,12,14,22,37,135,109,32,24,18,29,14,26,21,20,25,25,109,83,15,18,21,21,27,5,21,22,25
1:11:00,30,18,126,64,14,27,27,17,12,23,31,25,24,14,135,136,16,19,16,20,28,24,30,16,22,17,89,106,18,24,18,18,19,24,27,10,24
1:12:00,30,25,125,73,17,37,20,22,19,27,26,19,15,17,151,139,22,21,10,17,21,26,23,26,18,25,136,91,14,23,16,12,15,21,7,13,15
1:13:00,30,16,134,70,25,21,23,15,12,28,17,22,22,22,148,151,15,24,30,15,23,24,15,20,10,12,111,110,18,21,12,17,19,17,20,13,15
1:14:00,30,32,131,87,15,30,31,21,17,18,24,25,23,16,161,161,21,19,20,24,26,10,20,16,23,22,129,89,17,26,18,19,15,24,12,23,21
1:15:00,30,25,144,74,20,26,23,25,20,21,22,9,20,10,161,147,18,23,30,29,14,11,15,27,31,25,131,103,19,18,25,28,21,13,16,31,20
1:16:00,30,23,146,68,10,17,20,22,12,29,33,21,10,16,169,162,15,31,25,14,13,29,29,6,19,18,133,127,13,31,27,17,10,21,28,22,27
1:17:00,30,20,154,90,23,34,24,9,30,13,15,25,24,13,171,172,16,24,22,21,8,24,2,23,26,16,137,120,24,34,20,28,33,10,23,16,15
1:18:00,30,23,191,90,14,30,28,27,21,27,25,16,9,19,178,151,7,21,21,24,10,28,26,44,23,11,161,133,18,24,19,17,21,24,25,22,17
1:19:00,30,19,175,88,20,32,29,15,19,23,25,30,28,18,194,172,21,29,29,22,24,42,32,26,32,23,149,139,14,20,31,33,16,14,13,28,25
1:20:00,30,27,148,89,17,27,17,17,12,9,24,27,15,20,207,192,16,26,21,25,13,23,36,26,17,28,165,132,17,24,18,20,10,26,30,22,18
1:21:00,30.1,12,184,100,18,21,19,21,9,20,34,23,21,25,216,210,32,24,29,22,21,25,30,21,26,22,181,141,18,20,20,12,16,12,24,18,32
1:22:00,30,24,198,117,19,25,26,19,29,13,24,20,14,13,221,222,21,27,30,12,15,31,20,23,17,29,194,149,32,11,10,26,21,15,22,26,28
1:23:00,30,19,203,108,7,25,28,19,22,19,34,23,23,14,258,227,13,19,19,14,25,17,29,15,19,16,205,161,14,18,17,26,31,26,16,15,19
1:24:00,30.1,18,208,91,26,22,29,21,20,24,23,14,24,17,222,219,34,23,28,34,6,24,23,16,19,17,195,162,14,30,25,19,23,26,28,33,16
1:25:00,30,19,226,119,22,26,25,17,15,36,34,15,21,0,241,222,18,27,24,16,13,13,26,22,28,10,221,163,16,25,29,31,30,17,30,16,20
1:26:00,30,28,226,120,12,32,20,13,36,17,23,10,23,13,277,251,17,15,28,21,15,23,20,25,22,17,209,174,8,29,27,21,21,28,27,6,18
1:27:00,30,20,239,120,27,20,22,19,22,24,13,23,25,10,263,244,20,27,29,16,21,28,11,23,30,19,213,161,17,20,17,15,25,24,30,17,26
1:28:00,30.1,26,234,122,15,19,25,11,40,19,22,20,24,9,280,287,29,22,24,19,13,28,33,26,14,23,225,201,24,27,16,25,13,17,34,20,10
1:29:00,30,6,232,122,16,22,32,17,27,15,20,22,19,24,312,269,17,22,33,25,24,29,31,18,18,15,242,197,21,27,14,20,32,16,25,23,27
1:30:00,30,28,279,140,23,28,30,26,26,21,32,17,19,13,311,263,26,34,25,20,22,16,15,23,25,13,243,225,19,28,23,8,19,17,16,18,27
1:31:00,30,27,270,148,11,20,24,2,20,24,17,16,28,9,316,309,31,24,15,16,24,24,32,27,19,21,241,220,19,19,13,18,17,25,36,32,18
1:32:00,30,20,280,129,15,18,11,15,24,28,25,28,16,28,332,336,15,32,22,14,14,17,27,15,29,13,254,233,20,22,28,19,33,17,30,21,23
1:33:00,30,16,273,144,23,19,33,29,18,29,22,22,20,14,341,309,26,46,18,19,21,29,33,17,20,22,289,238,16,20,24,29,20,25,11,16,13
1:34:00,30.1,22,313,145,17,33,27,14,24,30,23,22,10,9,332,321,22,29,19,22,24,20,21,32,18,8,285,251,21,30,34,20,16,24,22,26,26
1:35:00,30.1,22,316,165,19,22,11,16,9,24,23,15,23,14,394,351,11,27,23,15,25,37,34,25,24,13,297,260,17,25,10,19,28,27,33,20,11
1:36:00,30.1,12,332,151,13,23,16,25,16,29,28,19,30,19,411,339,37,33,25,13,19,29,16,18,19,19,304,267,21,20,13,18,10,25,34,23,13
1:37:00,30,23,333,141,34,37,33,22,11,21,26,17,17,21,396,350,27,30,22,13,30,38,15,28,15,20,308,272,14,30,8,19,15,30,16,24,17
1:38:00,30.1,27,351,166,34,33,20,14,27,15,41,10,26,11,407,381,15,32,18,23,16,26,36,23,38,13,334,278,19,35,21,20,31,17,26,16,29
1:39:00,30,13,339,168,10,32,15,24,15,12,30,30,14,12,443,360,13,17,24,25,16,47,18,23,21,15,344,282,8,25,22,17,19,22,28,18,21
1:40:00,30.1,28,360,165,19,38,16,22,24,24,23,28,20,15,428,384,19,27,28,21,17,14,36,21,30,19,358,281,20,29,35,4,26,28,29,14,26
1:41:00,30.1,21,390,191,16,35,13,18,15,16,27,15,28,14,463,412,16,37,12,22,24,15,24,23,23,19,392,304,17,27,31,10,11,19,23,22,17
1:42:00,30,31,367,178,28,29,28,26,11,23,33,32,30,19,486,448,19,37,22,18,14,25,41,18,38,19,403,319,15,22,24,17,32,20,32,15,20
1:43:00,30.1,24,385,185,16,35,27,21,21,30,29,11,19,22,468,444,26,42,17,23,24,28,32,19,21,11,374,330,17,26,32,28,23,19,26,20,18
1:44:00,30.1,18,402,196,20,21,31,20,20,37,19,23,26,13,463,449,25,31,20,15,17,34,34,13,31,17,410,347,23,33,32,14,19,27,22,23,25
1:45:00,30.1,12,427,201,27,36,40,31,20,32,22,30,27,14,512,436,20,18,28,15,12,27,18,22,28,27,400,340,24,41,22,20,21,33,25,15,25
1:46:00,30.1,24,429,206,22,28,29,15,18,25,28,23,24,12,512,486,21,31,23,20,22,36,26,14,28,16,407,365,24,18,23,31,30,19,21,40,30
1:47:00,30.1,17,424,208,26,38,29,4,19,28,18,14,29,23,537,513,23,22,36,16,15,29,22,4,30,12,414,384,26,25,14,20,25,12,41,33,26
1:48:00,30.1,13,459,193,20,39,33,10,17,27,17,19,22,15,510,494,15,41,27,25,20,31,29,32,22,16,440,388,8,5,29,11,14,22,32,12,21
1:49:00,30.1,20,472,219,17,26,25,16,19,23,17,24,28,14,545,468,21,27,23,27,26,31,24,24,25,15,438,384,18,26,27,23,19,20,29,31,18
1:50:00,30.1,25,480,250,19,30,18,14,20,15,23,23,31,17,582,555,28,26,20,18,10,35,28,17,30,12,479,396,20,38,25,10,16,16,18,11,23
1:51:00,30.1,25,495,224,24,39,32,14,16,19,17,19,29,13,604,567,30,20,35,17,20,23,20,10,34,10,486,414,8,17,38,13,25,22,21,22,23
1:52:00,30.1,27,454,236,10,32,28,20,11,15,28,24,27,29,625,572,15,32,39,21,17,38,35,26,28,24,502,442,17,22,32,13,16,24,15,19,21
1:53:00,30.1,21,500,237,16,41,38,28,19,29,29,21,20,15,624,568,29,32,24,31,22,20,29,16,21,17,500,450,23,46,22,3,19,22,20,23,15
1:54:00,30.1,41,559,243,26,38,30,12,27,25,14,20,25,16,610,618,24,32,29,18,28,28,39,34,36,18,538,453,20,43,34,17,29,35,31,23,19
1:55:00,30.1,24,527,230,18,28,33,33,24,18,19,14,14,15,645,614,23,21,18,12,21,35,23,31,26,20,552,467,27,32,18,23,19,27,35,7,31
1:56:00,30.1,21,511,253,26,33,23,13,22,18,33,20,22,18,682,624,11,28,24,15,24,26,36,20,21,22,619,481,18,8,15,9,16,16,22,11,19
1:57:00,30.1,28,560,262,12,36,22,12,31,40,19,21,32,15,722,637,19,36,10,19,31,40,27,39,31,18,571,487,24,22,24,26,23,24,16,18,20
1:58:00,30.1,26,614,261,16,41,19,18,12,15,28,15,23,16,698,647,14,37,17,17,18,21,30,8,28,11,590,494,11,23,28,17,20,35,35,14,20
1:59:00,30.1,25,602,265,17,31,21,19,29,21,30,18,12,23,682,682,16,27,40,15,24,44,28,18,19,28,612,542,20,28,24,18,25,32,19,31,17
2:00:00,30.1,21,595,298,25,36,44,29,22,20,4,32,36,22,730,687,25,38,22,17,26,36,30,20,30,20,600,531,19,35,28,27,22,24,27,16,41
2:01:00,30.1,10,613,283,28,36,30,22,19,21,35,14,23,10,740,725,24,32,33,16,15,33,35,18,33,25,632,563,18,45,25,23,10,34,33,17,20
2:02:00,30.1,22,623,299,17,37,17,26,23,25,29,10,19,8,775,724,28,38,23,13,28,30,19,26,26,22,637,555,19,23,28,26,27,22,26,24,10
2:03:00,30.1,16,660,277,19,37,34,25,19,25,31,16,26,11,815,721,20,55,30,20,8,27,22,11,24,18,637,521,25,41,26,10,25,30,27,26,20
2:04:00,30.1,24,630,294,10,25,35,30,34,32,10,23,32,15,786,753,27,33,23,34,16,33,34,15,36,4,682,577,9,44,22,26,26,28,33,14,20
2:05:00,30.1,20,668,297,10,40,34,24,38,30,36,26,27,19,843,750,24,20,21,16,17,21,33,19,31,26,674,601,7,19,29,27,24,34,34,25,15
2:06:00,30.1,14,663,311,19,37,33,16,23,23,16,18,37,9,870,793,21,36,14,28,31,25,39,22,21,17,721,653,18,33,19,25,29,22,37,22,21
2:07:00,30.1,22,725,315,13,18,17,14,17,25,12,30,27,14,859,781,0,8,16,25,10,27,31,21,31,21,734,634,23,34,27,16,14,33,32,18,28
2:08:00,30,22,686,322,9,35,23,22,26,22,39,15,15,22,870,815,45,36,24,24,14,32,33,11,36,15,737,630,31,18,33,29,9,38,39,28,18
2:09:00,30.1,18,752,338,22,43,24,9,21,27,19,20,27,4,849,821,22,42,18,23,14,32,28,20,36,7,778,679,16,36,30,19,25,16,33,17,17
2:10:00,30.1,16,752,340,22,39,30,20,31,34,30,30,19,12,909,850,18,34,28,17,22,32,30,20,18,20,788,647,13,18,30,23,16,43,32,36,16
2:11:00,30.1,28,756,354,9,43,40,26,35,26,22,31,23,13,961,881,18,34,25,12,20,21,29,16,38,12,787,683,16,30,25,21,30,19,28,31,15
2:12:00,30.1,22,787,367,24,40,23,17,28,24,23,32,30,17,992,907,12,54,25,23,12,35,32,26,33,24,835,664,18,32,36,19,32,26,21,18,15
2:13:00,30.1,12,785,345,11,19,28,19,19,34,28,19,30,21,996,916,10,24,43,19,12,22,29,15,20,29,854,722,17,31,36,13,15,24,33,30,37
2:14:00,30.1,18,824,365,15,23,36,21,20,26,27,11,35,4,1000,943,19,37,34,25,29,18,25,15,36,20,861,707,15,41,29,23,24,35,28,18,9
2:15:00,30.1,20,805,366,15,36,18,16,20,28,28,17,25,13,993,913,21,29,36,21,36,27,28,23,34,16,856,730,18,33,23,17,11,33,30,33,25
2:16:00,30,20,837,378,13,37,36,27,25,32,26,26,29,13,1044,944,23,33,42,27,19,28,27,27,31,22,860,742,12,39,22,25,25,34,45,33,20
2:17:00,30,13,827,377,15,39,19,13,15,16,24,16,37,30,1064,939,17,37,38,29,28,35,41,18,20,24,921,801,28,20,26,22,20,32,33,14,28
2:18:00,30.1,6,820,403,15,22,28,28,39,37,28,23,29,17,1096,984,29,38,27,19,15,37,35,21,33,6,912,778,23,36,31,19,27,36,40,21,31
2:19:00,30.1,20,909,387,16,26,34,25,16,22,38,14,22,18,1115,998,10,48,23,34,27,29,25,28,21,19,899,789,25,46,26,24,12,29,41,23,13
2:20:00,30.1,23,841,425,20,38,37,22,23,30,29,25,27,13,1108,1044,2,37,21,23,23,41,45,25,30,18,940,806,24,19,17,13,13,36,28,29,22
2:21:00,30,26,884,401,16,42,23,7,24,36,22,19,43,15,1184,1069,19,50,17,20,22,49,40,25,33,26,970,838,20,40,39,11,33,21,35,18,11
2:22:00,30,15,940,434,4,53,35,16,23,33,24,29,31,21,1158,1030,14,55,33,18,15,22,22,21,43,12,974,847,28,31,34,13,27,20,59,25,28
2:23:00,30,21,934,423,27,36,29,16,23,29,37,21,30,11,1160,1086,20,33,23,27,23,30,25,33,24,16,1014,815,12,43,31,8,20,38,27,27,14
2:24:00,30.1,25,958,429,18,39,26,23,15,25,28,20,29,21,1206,1148,20,43,38,22,28,35,42,25,21,13,1044,932,9,45,24,18,25,28,34,20,36
2:25:00,30,27,928,425,32,30,33,13,21,35,19,26,36,12,1213,1121,21,38,27,20,13,37,42,21,36,25,1073,930,14,34,32,10,17,29,29,29,24
2:26:00,30,20,990,421,18,42,28,18,25,37,20,26,30,7,1275,1134,16,37,19,17,15,44,49,23,33,13,1068,900,14,32,30,14,20,27,37,20,28
2:27:00,30,27,1015,443,18,25,34,17,22,16,22,17,29,21,1256,1164,35,30,35,12,15,25,42,38,32,20,1089,903,10,26,17,20,6,37,25,14,26
2:28:00,30,29,1024,441,19,34,45,19,18,21,25,27,28,8,1307,1211,13,48,27,18,29,55,40,19,41,14,1076,935,16,48,27,13,23,24,37,19,17
2:29:00,30,19,1050,465,27,33,35,17,20,22,32,22,34,20,1343,1194,21,30,44,26,13,35,31,19,32,31,1091,985,19,35,37,4,17,27,34,22,29
2:30:00,30,17,1035,475,12,38,19,19,22,30,13,11,27,17,1335,1256,26,32,37,15,30,39,47,14,37,23,1134,952,6,40,28,12,29,37,38,23,31
2:31:00,30,33,1026,473,15,35,29,14,21,33,30,13,42,17,1374,1234,18,42,33,11,25,46,43,21,38,28,1149,1009,23,39,27,15,20,25,36,13,38
2:32:00,30,18,1074,507,18,34,27,23,21,35,33,21,32,11,1403,1333,29,37,34,24,25,34,40,25,34,13,1195,1044,19,44,28,23,12,33,22,27,22
2:33:00,30,19,1113,481,16,39,30,19,8,27,24,23,36,20,1423,1325,16,43,41,8,22,41,32,19,44,17,1213,1011,14,28,25,17,19,38,33,33,27
2:34:00,30,19,1124,475,24,35,32,26,25,29,33,28,42,16,1446,1324,17,41,39,22,19,34,41,34,39,14,1180,1018,14,35,27,21,25,42,43,17,38
2:35:00,30,20,1136,507,7,28,18,16,26,30,34,27,38,8,1403,1345,16,38,39,26,30,34,41,23,46,27,1233,1055,14,35,34,12,24,31,33,29,22
2:36:00,30,13,1099,487,26,41,24,14,23,32,23,24,39,16,1492,1305,25,40,29,24,21,35,36,23,45,11,1281,1074,25,31,29,32,14,33,32,24,27
2:37:00,30.1,30,1159,530,14,38,26,17,21,29,43,17,45,15,1480,1397,23,39,32,26,26,14,38,14,34,15,1270,1101,19,33,31,11,28,31,45,26,22
2:38:00,30,22,1134,488,21,28,41,31,26,27,17,26,31,19,1532,1391,22,41,23,15,17,34,40,17,43,25,1263,1070,25,41,39,14,24,33,34,22,32
2:39:00,30.1,25,1195,529,30,23,37,21,28,27,28,20,42,4,1530,1430,29,44,36,10,18,34,49,23,45,13,1307,1116,13,42,29,15,29,26,41,18,28
2:40:00,30,22,1262,507,12,42,29,27,24,18,24,12,28,15,1599,1422,18,46,26,20,20,27,47,30,46,5,1314,1121,24,39,24,18,19,23,43,25,32
2:41:00,30,25,1199,535,14,38,32,18,26,19,28,15,42,14,1654,1489,20,47,30,22,27,32,36,20,46,19,1294,1196,20,41,36,25,27,31,34,23,28
2:42:00,30,32,1225,567,22,31,28,16,18,28,38,21,29,12,1643,1469,27,49,32,23,14,26,43,37,52,18,1396,1199,25,45,17,17,21,28,31,14,27
2:43:00,30,20,1241,517,18,37,37,9,20,21,25,14,30,25,1633,1479,12,42,31,21,18,33,39,29,44,24,1393,1198,19,39,31,16,14,31,52,23,21
2:44:00,30,28,1250,554,13,30,38,19,19,36,41,13,46,20,1655,1551,29,48,33,6,24,26,51,33,42,10,1386,1200,19,32,39,17,35,41,50,25,33
2:45:00,30,31,1272,609,28,44,38,29,18,25,22,22,38,13,1670,1528,16,45,30,26,27,43,48,32,60,14,1408,1207,18,27,42,20,17,36,30,28,37
2:46:00,30,29,1274,572,26,36,42,21,25,33,33,30,36,10,1716,1591,23,49,41,18,12,28,38,15,40,19,1454,1254,16,43,27,17,23,39,37,19,30
2:47:00,30,22,1323,550,16,34,33,17,25,31,27,19,45,16,1713,1605,24,37,40,19,34,36,44,18,41,10,1507,1295,17,38,34,15,27,35,43,22,20
2:48:00,30.1,20,1335,615,14,41,31,19,18,29,19,24,35,9,1759,1591,23,43,31,17,29,55,43,19,53,22,1509,1296,20,43,25,24,35,30,50,25,33
2:49:00,30,19,1348,593,13,27,31,16,10,26,27,16,40,5,1768,1576,26,41,42,10,28,37,44,23,55,24,1502,1255,14,30,34,15,33,34,36,20,27
2:50:00,30,28,1311,624,14,31,40,20,24,29,35,31,48,13,1789,1615,28,35,35,21,18,33,47,21,41,20,1564,1341,23,30,41,11,32,27,50,24,28
2:51:00,30,19,1374,602,26,41,26,23,22,24,27,20,54,11,1790,1692,22,39,28,18,24,30,46,22,49,22,1533,1314,15,42,24,15,13,49,44,28,18
2:52:00,30,29,1376,602,39,36,30,31,24,27,30,29,38,14,1863,1724,19,42,45,16,30,27,45,26,63,26,1571,1376,19,40,40,25,21,37,54,29,28
2:53:00,30.1,13,1414,602,18,40,21,29,24,22,20,24,27,23,1837,1688,15,48,36,18,25,41,55,20,49,19,1645,1381,16,47,38,23,20,33,40,22,35
2:54:00,30,34,1456,588,21,41,37,20,22,15,31,33,46,6,1892,1772,23,45,41,23,26,35,41,19,56,19,1632,1421,14,22,34,15,17,34,55,29,29
2:55:00,30,14,1446,631,22,40,29,13,21,31,31,20,36,14,1871,1799,26,40,33,21,29,38,52,25,56,24,1688,1437,13,26,29,18,25,36,43,23,31
2:56:00,30,16,1440,629,16,40,38,17,19,36,8,23,35,23,1890,1747,30,48,40,12,20,29,56,21,47,26,1640,1412,18,36,37,25,19,38,37,20,34
2:57:00,30,19,1491,621,15,46,28,15,9,28,37,26,25,17,2041,1836,13,31,36,15,31,45,50,18,43,18,1699,1428,20,41,41,33,18,41,36,26,37
2:58:00,30,9,1471,657,15,45,41,15,27,26,25,18,47,19,2001,1818,10,42,42,6,38,51,44,19,48,25,1740,1441,13,56,46,29,32,46,44,30,17
2:59:00,30,20,1521,635,21,40,34,15,13,26,26,22,33,28,1975,1783,34,51,39,19,15,38,46,16,42,21,1734,1468,14,39,35,17,29,24,52,30,30
3:00:00,30,34,1510,674,14,31,40,29,17,34,33,26,50,23,1970,1823,23,45,45,17,38,49,50,21,58,9,1735,1532,15,32,32,18,32,35,44,37,35
3:01:00,30,13,1535,653,24,45,25,33,19,19,19,25,52,16,2051,1890,30,42,20,15,20,36,56,24,62,21,1778,1566,14,43,36,17,21,27,52,25,37
3:02:00,30,27,1559,662,23,50,31,22,14,36,20,17,42,22,2060,1943,20,48,30,26,33,34,62,32,54,21,1786,1535,10,50,29,15,27,32,47,27,49
3:03:00,30,25,1550,662,25,54,41,27,28,27,27,17,46,7,2089,1905,15,40,31,22,30,32,62,21,58,18,1769,1598,16,48,38,19,35,45,45,20,29
3:04:00,30,15,1558,704,16,42,36,2,15,19,37,26,31,15,2021,1948,27,48,48,11,31,41,40,31,58,18,1853,1607,34,44,33,19,28,32,47,18,23
3:05:00,30,19,1581,669,26,29,29,16,24,36,21,31,52,19,2011,1993,26,53,32,17,26,45,56,22,49,23,1846,1587,21,41,33,22,29,46,52,13,23
3:06:00,30,24,1608,671,9,38,37,21,33,28,27,24,38,24,2141,1968,15,42,28,13,25,35,54,25,61,10,1868,1617,13,44,33,24,22,52,55,30,33
3:07:00,30,25,1612,658,20,39,42,17,25,26,30,13,54,10,2107,1970,16,51,39,20,33,30,53,27,55,21,1897,1668,19,52,35,16,26,37,37,14,24
3:08:00,30.1,17,1654,703,24,43,45,14,21,29,13,21,47,15,2092,2046,22,52,46,19,35,40,51,26,54,15,1887,1712,19,30,32,17,37,38,54,23,25
3:09:00,30,31,1694,742,18,46,43,19,24,30,23,23,50,24,2245,2068,25,46,39,25,35,28,44,20,68,15,1929,1702,14,45,32,17,34,37,50,22,24
3:10:00,30,19,1624,710,19,45,26,18,29,24,35,31,53,18,2228,2090,21,34,42,23,27,43,67,14,62,15,1940,1671,13,45,26,25,27,27,50,24,28
3:11:00,30,23,1700,745,28,31,32,14,21,29,27,42,44,17,2261,2058,21,38,28,28,26,40,58,26,68,16,1993,1751,26,40,33,16,28,29,51,30,35
3:12:00,30,9,1701,709,27,31,47,25,28,31,24,17,52,11,2342,2101,31,38,40,21,32,44,59,36,64,21,1936,1739,12,37,39,9,30,44,51,22,37
3:13:00,30,28,1756,742,25,41,30,18,25,33,31,24,54,19,2333,2132,31,52,30,11,32,38,57,29,68,10,2071,1755,17,42,17,12,26,46,53,32,32
3:14:00,30,21,1675,733,20,47,39,30,28,34,39,31,44,21,2382,2109,20,46,30,25,30,54,46,30,55,18,2044,1755,12,42,35,22,23,32,61,19,30
3:15:00,30,24,1765,713,22,44,36,17,20,25,15,22,55,19,2402,2157,19,49,38,20,25,38,57,26,53,23,2099,1778,25,46,36,18,25,41,54,30,30
3:16:00,30,24,1748,713,21,47,34,13,28,30,20,25,53,15,2350,2160,23,50,47,16,23,37,58,22,64,15,2028,1784,28,41,38,23,16,44,55,26,33
3:17:00,30,18,1712,737,22,41,47,17,27,28,14,31,51,9,2419,2157,32,47,40,17,30,49,59,12,67,14,2040,1798,17,44,40,18,33,48,52,26,27
3:18:00,30,20,1751,769,20,36,36,14,17,38,26,23,40,1,2372,2205,20,43,46,27,27,32,76,32,71,23,2143,1874,21,37,29,14,25,43,67,19,34
3:19:00,30,19,1784,744,13,31,38,20,21,30,35,28,54,6,2426,2247,25,48,24,17,29,52,59,18,69,17,2170,1841,18,31,40,19,26,38,66,33,36
3:20:00,30,19,1797,780,19,29,36,18,17,32,29,23,43,8,2492,2272,24,41,47,27,28,36,54,31,64,25,2184,1799,17,45,35,23,38,46,56,23,31
3:21:00,30.1,14,1828,790,32,43,39,19,35,18,24,29,63,16,2481,2294,27,45,42,16,49,40,57,18,55,19,2157,1926,26,49,37,23,33,40,58,26,40
3:22:00,30,27,1838,750,20,40,23,18,22,38,20,35,46,8,2544,2329,32,45,33,14,19,50,59,25,62,21,2257,1955,24,51,47,29,33,39,59,28,36
3:23:00,30,13,1829,753,12,42,38,17,28,36,32,22,50,9,2545,2269,19,50,49,19,29,33,55,34,68,8,2179,1922,26,41,32,24,34,47,48,19,21
3:24:00,30.1,25,1938,804,28,57,33,25,28,29,31,20,55,8,2553,2381,20,48,34,20,28,44,60,21,73,20,2262,1940,23,47,33,13,20,40,50,20,38
3:25:00,30.1,23,1830,769,20,44,44,22,23,28,22,24,58,13,2559,2376,11,40,35,15,39,39,70,24,52,14,2312,2020,27,49,30,10,26,37,64,23,37
3:26:00,30.1,18,1882,809,21,32,33,28,27,31,38,22,53,16,2652,2344,25,50,41,10,32,55,66,14,79,19,2286,2049,28,36,31,14,23,39,62,18,36
3:27:00,30.1,21,1890,802,17,36,30,17,20,31,22,25,55,8,2603,2409,31,56,22,18,33,39,63,26,68,19,2307,1973,22,44,41,20,30,34,38,27,27
3:28:00,30.1,8,1869,793,11,30,30,28,25,21,21,19,46,1,2623,2426,20,49,31,28,31,40,60,20,56,15,2329,2007,23,40,31,17,23,50,61,21,42
3:29:00,30.1,17,1982,838,10,31,26,15,13,25,24,21,47,20,2685,2427,25,56,42,21,28,35,50,19,68,24,2344,2041,21,37,32,21,20,32,72,21,39
3:30:00,30.1,12,1906,820,15,32,40,30,12,22,27,28,47,22,2622,2528,16,52,40,13,33,40,53,24,69,24,2354,2058,17,42,41,17,28,38,57,31,37
3:31:00,30.1,17,1917,797,21,49,39,13,14,31,35,21,63,22,2699,2487,24,60,22,9,31,37,69,25,77,20,2373,2055,26,24,41,22,33,45,58,30,33
3:32:00,30.1,33,1896,801,4,32,37,10,20,38,17,26,57,9,2705,2512,17,66,28,23,19,42,57,27,71,18,2401,2094,14,41,53,20,23,55,71,34,38
3:33:00,30,21,1910,821,17,38,26,13,29,28,20,30,54,20,2743,2472,16,45,50,18,34,41,65,23,75,20,2432,2122,18,48,25,25,27,48,62,22,35
3:34:00,30.1,28,1966,853,31,30,23,8,16,27,35,23,50,17,2895,2507,26,48,49,27,27,44,65,29,82,13,2418,2121,27,42,28,11,29,47,60,26,32
3:35:00,30.1,25,2022,828,20,31,27,24,15,33,31,32,48,11,2805,2559,21,41,42,27,34,27,68,19,59,14,2434,2174,23,42,55,7,22,39,61,11,39
3:36:00,30.1,17,1988,835,18,43,41,22,24,41,26,27,65,12,2848,2636,17,59,45,24,34,33,57,20,78,14,2407,2121,8,50,37,28,34,36,71,19,38
3:37:00,30.1,18,1992,828,13,36,35,35,37,28,24,34,54,10,2846,2611,18,40,44,32,31,41,80,14,75,17,2543,2222,17,37,21,26,28,43,53,20,45
3:38:00,30,19,2032,878,24,45,31,27,20,36,34,34,62,18,2891,2581,31,49,45,21,35,44,66,28,76,15,2547,2204,29,34,37,22,33,49,77,21,23
3:39:00,30.1,19,2002,858,18,41,47,9,28,33,23,26,59,9,2853,2597,17,51,34,8,36,43,71,22,74,16,2546,2196,9,48,31,7,29,42,62,25,41
3:40:00,30.1,21,2018,886,28,27,28,8,7,24,17,21,56,21,2905,2652,16,61,32,10,27,53,65,20,64,22,2577,2333,28,47,49,22,29,37,68,32,43
3:41:00,30.1,23,2122,873,22,27,42,18,16,31,27,20,77,13,2873,2734,27,48,39,28,25,39,59,20,82,20,2629,2174,26,42,34,11,34,41,61,8,30
3:42:00,30.1,19,2091,882,21,42,30,22,22,42,27,32,67,17,2940,2702,23,46,33,11,29,33,72,22,83,9,2643,2271,14,50,46,19,26,25,68,24,37
3:43:00,30.1,17,2103,871,16,35,31,21,24,26,9,21,59,10,2961,2716,18,53,37,15,31,33,71,20,78,19,2689,2288,20,42,45,23,42,43,53,21,41
3:44:00,30.1,14,2044,911,16,43,38,16,19,29,20,25,61,12,3006,2737,13,54,47,13,26,45,76,28,67,18,2653,2297,24,48,49,16,15,52,67,29,40
3:45:00,30.1,26,2139,862,16,47,39,10,22,26,40,14,64,16,3000,2667,25,40,38,30,28,34,56,36,82,14,2669,2361,23,47,34,19,39,38,65,25,26
3:46:00,30.1,18,2185,863,25,32,24,27,14,24,31,23,53,14,3020,2738,24,52,28,16,34,41,60,17,72,11,2668,2377,27,43,53,15,39,51,60,34,34
3:47:00,30.1,24,2105,898,24,29,32,31,32,29,38,27,59,21,3022,2861,24,64,31,16,32,58,70,14,82,12,2684,2361,11,47,31,21,16,46,83,35,40
3:48:00,30.1,21,2130,904,20,34,35,30,22,30,24,21,70,22,3062,2841,17,44,47,12,32,39,72,22,92,25,2703,2474,38,41,45,26,25,52,69,28,46
3:49:00,30.1,11,2184,891,23,40,29,26,25,32,27,24,57,20,3091,2816,20,48,28,18,34,37,85,36,65,20,2735,2419,24,38,43,22,26,48,58,19,29
3:50:00,30.1,15,2214,878,22,34,46,19,18,25,30,22,68,26,3113,2850,8,61,43,22,35,39,79,19,65,21,2761,2429,13,54,57,26,18,37,80,23,47
3:51:00,30.1,14,2180,907,21,53,35,18,25,32,34,32,59,11,3147,2786,18,59,36,23,37,36,69,41,84,13,2805,2426,24,37,28,17,31,42,72,37,37
3:52:00,30.1,17,2221,941,19,49,28,26,24,23,38,10,54,3,3123,2797,19,48,46,6,29,48,73,23,91,20,2776,2469,11,49,31,25,37,52,80,13,56
3:53:00,30.1,16,2233,903,26,34,38,20,21,36,32,30,68,17,3141,2921,24,35,38,17,40,43,67,38,65,20,2806,2472,17,43,39,29,36,44,77,11,49
3:54:00,30.1,27,2223,884,16,40,40,23,30,33,17,19,64,10,3216,2909,14,52,35,16,28,40,80,25,92,20,2891,2421,21,44,42,19,32,41,80,32,52
3:55:00,30.1,24,2237,909,21,22,35,27,31,20,20,32,71,16,3229,2955,29,53,49,27,40,48,74,26,81,13,2821,2604,10,44,35,13,36,34,71,22,30
3:56:00,30.1,14,2286,946,30,44,24,17,22,32,26,22,60,22,3259,2983,12,42,33,25,29,42,80,25,88,13,2832,2560,12,48,37,19,24,40,65,16,46
3:57:00,30.1,16,2249,920,8,23,33,23,19,33,36,35,62,19,3167,2960,13,49,44,5,38,65,83,32,72,19,2888,2534,10,55,46,20,22,38,72,28,45
3:58:00,30.1,26,2273,954,22,47,43,28,24,36,27,24,56,24,3229,2976,19,42,36,14,38,34,68,25,87,35,2961,2630,25,39,43,19,34,41,83,28,45
3:59:00,30.1,27,2283,956,12,41,34,28,12,40,30,23,68,19,3355,3009,25,52,39,24,31,36,68,24,79,17,2915,2557,27,54,26,20,29,36,80,21,31
4:00:00,30.1,19,2317,946,16,41,31,18,24,19,33,19,76,18,3361,3031,24,55,34,22,42,47,68,19,77,11,2923,2610,9,47,29,21,35,33,82,27,43
4:01:00,30.1,30,2336,950,18,34,36,27,28,29,14,19,76,13,3325,2987,12,39,46,11,33,39,60,30,83,16,3060,2640,20,46,35,8,42,49,84,15,42
4:02:00,30.1,10,2378,935,14,33,33,21,26,23,29,33,84,11,3333,3009,20,46,32,27,35,51,78,17,88,24,2988,2601,17,62,55,5,30,35,72,17,40
4:03:00,30,20,2380,941,20,43,40,19,32,32,19,21,65,14,3363,3123,20,57,42,7,37,33,68,17,79,21,3020,2698,0,41,34,20,33,44,96,28,52
4:04:00,30,21,2333,984,11,42,36,20,21,34,35,27,58,23,3374,3107,21,46,41,25,35,42,65,19,94,17,3033,2677,18,37,41,12,29,48,94,25,38
4:05:00,30.1,16,2311,945,12,27,20,13,14,28,31,14,62,12,3436,3131,40,72,35,25,42,34,83,29,98,17,3056,2709,20,44,51,32,37,36,72,18,38
4:06:00,30.1,36,2406,940,17,42,35,19,34,34,26,34,89,24,3470,3152,33,60,40,12,41,42,86,24,78,22,3090,2671,28,56,37,22,41,42,100,22,40
4:07:00,30.1,20,2374,923,24,34,31,31,34,27,9,21,78,1,3500,3196,14,55,31,34,43,47,84,31,88,19,3100,2677,20,35,36,14,30,50,89,26,45
4:08:00,30.1,18,2367,966,8,54,35,20,23,20,29,21,62,16,3556,3218,29,44,40,25,34,45,66,23,89,20,3169,2712,14,45,34,1,37,54,87,28,33
4:09:00,30.1,11,2458,964,7,46,35,32,26,34,24,22,64,24,3470,3208,17,53,39,23,32,44,90,23,105,16,3094,2781,28,41,37,15,32,40,71,25,46
4:10:00,30,26,2406,979,13,43,36,18,25,25,30,30,69,23,3497,3264,10,59,37,13,42,46,78,23,107,16,3247,2811,29,44,48,9,40,36,92,27,31
4:11:00,30.1,19,2333,999,27,48,40,22,19,29,28,32,69,24,3489,3253,13,53,41,15,29,35,91,33,91,6,3223,2819,17,32,49,20,34,48,66,18,51
4:12:00,30.1,32,2447,1017,27,48,31,9,20,25,29,10,59,15,3519,3266,20,49,48,26,33,52,77,25,102,18,3157,2845,10,54,44,18,43,40,68,27,46
4:13:00,30,19,2453,1018,24,39,33,12,18,20,27,26,66,23,3601,3379,30,66,38,19,40,28,74,25,84,19,3236,2843,10,55,39,30,40,53,80,22,37
4:14:00,30.1,19,2449,1036,30,40,36,13,26,29,31,24,83,14,3609,3330,25,51,33,23,47,40,75,21,102,9,3199,2810,21,45,44,19,44,42,76,22,42
4:15:00,30,22,2490,986,22,50,36,30,18,51,32,18,66,13,3583,3271,25,43,38,14,48,49,86,30,94,11,3324,2879,14,54,32,30,36,48,78,22,41
4:16:00,30,18,2441,1003,19,31,24,19,28,26,28,21,74,21,3601,3293,9,53,34,18,33,40,79,21,98,22,3258,2925,19,47,36,18,30,30,69,26,33
4:17:00,30,18,2505,999,15,36,20,14,36,36,19,23,84,18,3611,3321,15,60,22,26,45,42,76,23,117,17,3347,2947,14,34,36,31,43,42,89,24,41
4:18:00,30,18,2520,1045,20,44,35,21,32,40,22,30,80,21,3682,3400,10,53,31,25,38,52,78,21,99,26,3301,2930,14,51,45,24,54,38,70,23,50
4:19:00,30,23,2549,993,22,25,24,16,18,32,21,13,66,15,3640,3444,21,67,43,24,47,45,74,24,94,15,3298,2975,16,51,43,12,46,41,80,19,27
4:20:00,30,12,2545,1047,16,51,25,16,12,29,21,30,67,12,3711,3455,16,58,41,14,44,46,94,31,96,16,3317,2946,23,50,30,29,39,50,83,32,52
4:21:00,30,13,2512,1061,15,21,35,19,28,25,23,6,68,10,3719,3383,14,55,41,11,30,42,97,25,103,16,3378,2994,20,43,38,22,40,48,98,27,41
4:22:00,30,24,2549,993,35,42,30,19,34,31,40,31,67,22,3814,3426,19,58,41,13,46,46,90,26,108,23,3378,3004,14,54,55,17,32,56,92,28,42
4:23:00,30,27,2564,1052,33,39,30,14,24,38,23,21,65,6,3802,3531,15,52,40,13,50,57,76,35,101,18,3416,3085,11,45,33,17,41,46,89,22,54
4:24:00,30.1,24,2526,1034,26,40,32,23,24,34,26,21,67,5,3750,3513,24,47,43,21,47,45,87,18,114,21,3510,3068,17,44,29,19,37,51,92,29,49
4:25:00,30,19,2562,1065,24,40,32,18,27,28,29,17,69,20,3830,3521,13,51,42,15,38,51,79,27,88,16,3423,3124,34,44,45,22,47,42,91,28,52
4:26:00,30,24,2584,1073,19,44,29,21,40,29,38,25,73,20,3850,3499,35,54,35,5,50,54,77,19,113,24,3477,3154,15,45,39,12,41,29,82,25,51
4:27:00,30,17,2572,1026,18,55,36,18,32,24,34,26,76,11,3820,3545,28,46,42,23,48,52,88,30,105,15,3416,3109,22,60,43,24,46,46,101,22,34
4:28:00,30,27,2543,1061,15,32,31,20,13,32,25,14,90,29,3891,3678,15,70,38,17,50,46,82,24,106,19,3542,3078,21,45,32,19,27,52,87,33,39
4:29:00,30,22,2574,1020,24,53,41,26,15,31,31,29,86,19,3881,3490,19,48,33,17,38,55,93,23,109,22,3623,3099,21,47,29,20,42,46,89,26,49
4:30:00,30,12,2643,1040,20,46,35,17,28,17,27,33,88,23,3959,3647,21,53,46,24,39,42,95,24,103,17,3587,3155,24,46,38,12,40,38,73,29,55
4:31:00,30,20,2653,1070,23,32,37,8,23,34,26,27,96,6,3932,3681,24,62,30,18,37,42,82,18,100,11,3562,3248,24,58,56,18,46,43,73,29,56
4:32:00,30,31,2602,1081,22,63,23,27,22,30,22,18,69,26,4006,3643,21,57,37,18,39,43,85,17,119,19,3701,3124,19,51,41,25,46,44,94,21,50
4:33:00,30,24,2591,1088,20,40,28,30,19,44,39,29,69,14,3976,3683,19,50,43,22,35,58,84,38,115,9,3642,3164,8,61,41,16,39,45,93,32,40
4:34:00,30,24,2651,1100,14,41,25,30,27,27,32,19,80,31,3908,3718,21,36,41,17,50,58,81,13,104,18,3555,3275,16,61,44,15,40,40,83,28,52
4:35:00,30,25,2673,1049,18,38,39,9,28,28,27,27,85,11,4037,3652,21,56,46,22,57,56,107,26,129,19,3739,3343,29,47,49,21,38,44,88,27,65
4:36:00,30.1,24,2714,1073,25,29,24,24,31,25,26,24,77,10,4029,3722,21,58,45,25,44,49,93,27,116,14,3720,3365,9,42,44,19,46,42,90,27,43
4:37:00,30,13,2691,1110,15,34,35,14,39,33,17,25,100,20,4062,3798,23,71,34,22,46,55,88,25,109,19,3537,3285,23,65,37,15,45,51,80,23,54
4:38:00,30,16,2709,1101,17,30,22,24,28,28,29,26,80,22,4087,3804,30,55,38,19,43,53,95,27,125,13,3760,3320,10,57,33,15,54,47,90,27,38
4:39:00,30,35,2647,1104,17,50,47,18,29,34,24,27,86,13,4018,3814,19,59,43,12,45,61,87,21,111,24,3727,3401,2,51,42,21,45,47,103,31,41
4:40:00,30,27,2712,1087,22,36,37,14,31,29,16,25,68,14,4115,3821,13,44,52,29,53,53,89,17,108,14,3800,3373,13,43,48,19,45,40,98,31,53
4:41:00,30,23,2734,1087,26,46,32,23,18,36,31,24,83,18,4130,3766,23,48,37,18,50,44,95,24,105,33,3741,3418,17,58,43,26,38,53,89,15,50
4:42:00,30,20,2750,1066,17,37,22,14,29,42,27,31,91,8,4080,3778,14,53,37,14,42,51,86,32,108,29,3817,3332,11,44,51,11,46,57,105,27,37
4:43:00,30.1,26,2759,1086,16,37,27,17,28,31,30,22,81,8,4113,3857,17,58,47,18,43,41,85,28,124,22,3863,3413,15,60,37,21,37,38,98,22,57
4:44:00,30,16,2727,1045,16,36,48,21,26,36,27,23,105,18,4155,3906,22,48,35,20,51,42,82,21,119,27,3852,3412,20,50,48,17,53,36,85,28,49
4:45:00,30,21,2719,1099,17,46,44,18,29,39,18,27,81,7,4201,3832,21,53,44,15,41,45,90,31,132,15,3724,3408,19,50,50,17,53,49,93,16,48
4:46:00,30,20,2791,1100,18,46,30,32,20,33,31,23,92,17,4143,3936,22,62,39,17,45,49,104,22,98,12,3798,3499,22,45,28,22,49,43,101,23,46
4:47:00,30,16,2781,1092,21,34,31,19,22,36,25,20,96,16,4196,3856,18,45,34,25,56,47,99,32,117,16,3864,3434,12,59,51,23,49,41,107,21,51
4:48:00,30,24,2776,1093,14,44,29,23,26,28,31,23,89,17,4190,3935,20,60,48,34,44,46,112,26,102,29,3906,3509,23,55,34,26,35,40,110,26,55
4:49:00,30,16,2779,1118,16,46,25,26,23,28,19,29,84,12,4247,3948,26,53,39,10,49,42,91,25,124,14,3870,3511,19,54,41,27,38,58,107,22,41
4:50:00,30,28,2827,1078,18,47,35,14,12,27,10,22,83,22,4229,3960,25,59,32,14,48,52,84,23,126,14,3907,3462,26,49,38,19,45,56,87,24,39
4:51:00,30,29,2823,1097,19,38,24,22,31,25,23,27,86,22,4279,3925,24,51,40,32,55,47,103,27,111,27,3973,3556,21,54,45,26,40,55,98,30,55
4:52:00,30.1,27,2825,1080,15,40,33,16,32,32,29,25,84,18,4293,4004,26,49,36,35,45,52,89,27,122,22,3983,3518,18,54,43,8,43,41,96,20,61
4:53:00,30,21,2768,1134,20,36,35,22,24,35,23,26,81,18,4191,4039,13,64,38,18,40,48,91,17,99,22,3983,3632,13,52,39,23,40,51,88,29,55
4:54:00,30,18,2744,1092,21,38,34,39,32,30,31,30,103,16,4286,4030,24,51,42,22,48,44,95,17,108,14,4121,3566,18,51,43,24,38,39,96,28,44
4:55:00,30,28,2801,1141,31,38,33,13,32,40,20,20,82,24,4416,3989,26,60,31,25,60,34,102,17,116,13,4011,3563,17,51,43,17,45,40,96,30,46
4:56:00,30,14,2901,1150,29,35,28,11,32,25,35,25,88,18,4374,4105,23,56,46,16,59,48,96,25,140,16,4060,3704,24,53,44,22,50,37,104,33,45
4:57:00,30,27,2811,1137,22,42,48,32,21,35,32,25,91,18,4283,4088,36,59,51,11,52,40,101,17,118,25,4026,3686,24,51,46,17,48,34,95,25,47
4:58:00,30,25,2830,1133,9,48,35,20,27,30,38,20,81,16,4357,4091,23,62,39,24,42,51,93,21,119,20,4062,3638,20,47,36,24,47,44,92,25,59
4:59:00,30,25,2853,1172,19,39,27,15,15,21,23,25,80,17,4503,4117,13,59,32,14,60,41,114,33,146,14,4074,3679,12,58,40,25,41,56,99,28,56
5:00:00,30,17,2896,1116,26,32,25,15,31,30,30,22,95,28,4469,4017,30,61,30,31,55,49,101,12,114,14,4103,3679,18,52,35,15,42,47,114,25,58
5:01:00,30,32,2913,1164,23,49,31,21,19,38,23,25,100,17,4444,4131,25,60,27,30,44,41,95,30,138,13,4102,3729,5,58,43,16,52,51,108,22,55
5:02:00,30,22,2818,1160,30,45,42,26,25,28,24,37,106,22,4514,4093,17,52,48,21,58,49,84,18,124,21,4044,3740,23,49,37,23,44,56,118,16,45
5:03:00,30,21,2932,1164,25,37,28,24,23,41,32,17,84,13,4473,4161,16,56,42,33,43,63,95,26,128,20,4090,3774,26,51,41,14,61,49,90,25,63
5:04:00,30,22,2863,1192,24,43,42,19,20,34,21,30,105,21,4460,4149,22,54,45,26,42,49,91,39,127,24,4088,3703,21,61,33,15,40,42,99,26,57
5:05:00,30,24,2893,1177,18,48,28,27,19,31,32,19,95,25,4447,4064,29,49,40,26,54,32,103,22,128,26,4180,3755,25,49,54,14,48,41,99,32,45
5:06:00,30,26,2812,1154,14,37,27,24,26,35,17,15,94,30,4563,4228,31,57,43,40,47,57,95,18,114,6,4238,3776,26,49,38,19,45,46,120,26,62
5:07:00,30,15,2953,1170,20,37,24,25,34,34,20,24,106,31,4556,4123,22,61,41,22,47,41,105,17,136,27,4205,3884,10,48,49,17,57,50,102,27,52
5:08:00,30,21,2881,1170,28,47,32,20,30,33,24,25,120,8,4549,4170,35,55,52,30,41,51,93,30,119,28,4156,3849,19,49,38,25,55,51,110,34,55
5:09:00,30,23,2857,1168,6,54,44,27,23,36,30,12,77,12,4559,4270,27,50,46,25,45,58,91,19,136,14,4264,3856,17,60,45,29,37,51,117,32,52
5:10:00,30,26,2852,1150,12,41,27,32,18,25,40,17,105,26,4523,4281,22,53,42,12,47,45,107,21,137,18,4227,3860,3,53,48,13,46,52,93,34,55
5:11:00,30,12,2846,1134,18,31,29,27,13,28,17,24,84,16,4595,4312,32,47,42,26,57,43,91,33,126,12,4247,3869,12,55,45,20,61,48,88,30,58
5:12:00,30,20,2908,1138,7,40,38,16,34,28,21,22,92,25,4585,4273,16,49,39,20,50,52,96,20,132,26,4268,3957,2,50,36,19,44,35,106,21,50
5:13:00,30,18,3025,1179,23,39,49,12,24,27,28,33,92,11,4578,4282,25,53,51,37,53,52,98,23,119,16,4245,3879,12,54,28,19,44,45,94,28,49
5:14:00,30,26,2962,1144,13,38,36,22,44,30,20,20,118,22,4537,4269,15,71,37,37,52,50,106,23,138,21,4282,3900,18,51,40,24,46,41,97,18,52
5:15:00,30,35,3003,1153,23,41,39,21,33,41,30,29,99,18,4531,4338,28,68,34,17,43,30,101,32,129,17,4286,3914,19,50,38,17,58,52,105,19,58
5:16:00,30.1,21,2958,1154,13,33,44,18,23,36,16,32,92,15,4689,4371,25,61,46,33,49,38,101,21,123,12,4339,3876,22,63,35,27,56,48,137,9,68
5:17:00,30.1,19,2978,1152,27,36,27,29,24,34,32,27,101,15,4667,4357,19,52,29,10,64,51,100,27,135,23,4342,3954,18,59,52,19,41,51,117,19,50
5:18:00,30,9,3021,1185,13,44,43,30,25,30,31,18,110,20,4557,4268,9,74,27,21,54,35,103,39,113,22,4276,3951,11,52,46,31,61,42,130,33,59
5:19:00,30.1,31,3015,1178,21,43,34,9,27,46,21,34,107,19,4679,4264,28,60,42,12,59,52,95,21,139,17,4337,4010,21,52,45,25,59,50,123,26,70
5:20:00,30.1,31,2945,1149,14,43,32,15,22,30,27,18,115,31,4740,4356,12,49,39,15,58,48,90,29,138,10,4413,4129,22,49,31,19,51,38,119,24,70
5:21:00,30,24,2948,1143,8,33,45,16,20,37,26,31,84,19,4655,4347,28,49,45,12,48,54,103,28,130,19,4418,4000,20,59,33,15,55,43,100,33,72
5:22:00,30.1,28,2946,1147,15,53,32,19,32,28,28,26,100,16,4778,4312,19,54,35,27,54,49,99,23,134,14,4441,3984,20,58,52,33,62,44,114,23,68
5:23:00,30.1,23,2954,1170,24,31,27,7,36,32,31,12,102,20,4686,4392,22,39,45,23,60,51,110,35,141,12,4428,4044,13,51,52,25,40,51,110,40,71
5:24:00,30.1,34,2925,1154,19,36,37,19,19,38,30,24,94,9,4728,4364,21,46,43,27,50,50,102,24,146,8,4376,4049,17,58,41,29,57,42,101,32,49
5:25:00,30.1,27,2994,1166,16,44,41,19,23,44,29,26,100,23,4825,4405,24,60,36,24,52,41,116,34,141,19,4441,4068,28,51,46,14,46,33,118,23,53
5:26:00,30,21,3024,1181,22,40,43,21,34,30,15,35,88,23,4775,4352,16,51,38,28,57,52,103,28,134,21,4440,4056,17,59,53,27,66,35,142,26,61
5:27:00,30.1,8,2925,1152,12,52,43,15,35,38,31,25,92,15,4738,4419,22,55,39,19,53,39,106,38,136,19,4482,4110,11,39,52,13,68,41,120,28,75
5:28:00,30.1,22,3037,1130,14,37,30,13,30,34,25,30,108,28,4742,4454,19,59,35,9,62,55,122,34,142,19,4412,4083,18,51,48,23,60,48,104,11,53
5:29:00,30.1,24,2994,1229,18,42,31,19,29,26,24,10,98,22,4743,4428,22,66,42,14,49,61,90,23,146,22,4472,4187,23,53,44,17,52,42,120,32,55
5:30:00,30.1,27,2949,1197,17,44,32,15,21,19,23,20,107,17,4762,4465,23,51,39,10,45,61,95,23,134,25,4592,4039,24,50,38,31,61,45,116,29,50
5:31:00,30.1,32,2983,1189,18,33,29,40,26,29,39,30,109,17,4831,4465,21,49,34,16,56,55,116,32,134,12,4558,4116,22,37,50,24,41,51,125,20,69
5:32:00,30.1,23,2975,1236,19,36,26,22,45,27,29,23,112,27,4701,4541,26,56,39,21,46,38,118,22,142,14,4573,4158,15,58,39,32,38,55,127,26,56
5:33:00,30.1,27,3068,1210,32,44,45,16,20,45,28,10,109,24,4844,4442,25,50,45,21,61,44,96,28,139,18,4513,4169,14,48,39,23,44,54,121,16,41
5:34:00,30.1,23,3032,1170,21,55,29,13,32,40,13,13,107,26,4925,4570,18,79,44,22,59,40,103,23,152,30,4540,4293,11,49,36,35,61,47,115,11,70
5:35:00,30.1,22,2960,1143,16,35,18,22,32,22,14,21,104,18,4864,4463,18,53,34,14,51,49,112,41,158,26,4607,4124,17,57,47,38,47,52,117,22,45
5:36:00,30.1,21,2980,1196,21,42,27,17,26,29,28,25,118,25,4811,4495,24,48,40,27,54,47,99,31,148,27,4613,4205,7,64,53,19,63,45,129,26,70
5:37:00,30.1,23,2999,1168,22,44,29,18,34,29,23,12,105,23,4845,4615,24,44,38,24,47,40,106,36,144,15,4598,4225,16,67,43,31,68,61,149,28,61
5:38:00,30.1,22,2934,1186,10,38,48,12,25,31,38,26,111,23,4930,4543,20,49,37,22,62,56,112,30,154,18,4572,4286,23,42,44,11,57,60,119,29,64
5:39:00,30.1,20,3038,1211,18,44,26,17,30,25,24,25,100,25,4912,4508,10,38,45,16,54,52,102,26,136,20,4616,4254,12,71,47,19,46,59,127,32,54
5:40:00,30.1,11,3060,1183,18,47,28,9,19,30,36,19,90,31,4886,4582,28,59,32,16,64,42,103,27,158,16,4550,4248,16,52,44,19,58,53,104,29,56
5:41:00,30.1,25,3011,1122,18,39,32,25,35,23,19,26,103,20,4977,4525,17,53,36,9,54,55,127,18,166,23,4591,4249,21,59,44,23,52,54,130,9,63
5:42:00,30.1,19,3026,1182,23,38,30,24,15,32,35,25,114,7,4893,4559,29,62,40,23,62,50,102,21,151,14,4694,4323,15,54,44,25,46,56,122,19,53
5:43:00,30.1,19,2961,1227,8,35,43,17,29,40,27,22,108,15,4967,4526,27,64,43,28,61,50,107,28,133,16,4644,4250,16,61,43,23,46,51,153,31,69
5:44:00,30.1,21,3073,1151,16,42,30,11,29,45,37,16,113,17,4961,4545,23,49,43,19,42,53,100,26,143,7,4669,4309,29,51,41,16,55,45,122,27,56
5:45:00,30.1,21,2998,1185,28,41,35,21,26,32,18,26,103,14,5043,4569,22,59,45,29,62,46,108,23,138,20,4684,4345,17,60,46,29,70,48,100,28,57
5:46:00,30.1,24,3047,1229,19,29,30,8,28,29,30,19,131,16,4874,4627,29,58,65,18,60,41,110,19,140,14,4687,4392,24,47,47,20,67,44,133,14,67
5:47:00,30.1,10,3071,1193,19,43,35,14,26,33,25,27,110,33,4992,4611,34,58,30,21,62,52,107,40,126,25,4715,4356,19,55,34,20,57,61,132,22,52
5:48:00,30.1,22,3049,1208,17,36,46,19,36,37,32,37,126,10,4926,4622,23,60,36,20,58,46,123,32,181,16,4820,4497,13,72,44,26,56,66,130,19,60
5:49:00,30.1,33,2976,1192,27,32,29,26,25,42,24,26,116,13,4991,4542,34,50,33,22,56,36,117,17,153,15,4744,4403,25,35,40,12,63,56,131,38,58
5:50:00,30.1,21,3020,1153,18,40,26,6,19,39,26,21,120,16,4996,4698,27,54,28,7,52,47,114,24,158,8,4616,4451,18,50,45,13,47,44,111,34,68
5:51:00,30.1,16,3019,1200,24,43,28,23,30,31,25,22,100,7,5086,4618,19,65,51,22,59,57,107,38,147,23,4701,4482,15,50,50,13,47,46,120,27,55
5:52:00,30.1,18,3010,1202,17,31,35,33,30,43,20,23,99,14,4956,4585,23,54,45,25,61,49,119,15,142,27,4744,4572,25,61,32,11,60,50,144,29,74
5:53:00,30.1,6,3028,1182,6,42,33,13,30,25,7,34,115,24,5070,4719,31,51,49,30,53,34,100,32,160,15,4690,4543,23,52,53,15,63,44,130,17,68
5:54:00,30.1,44,2979,1206,25,45,25,15,26,28,25,26,119,14,5139,4669,26,66,34,17,51,38,116,17,145,16,4797,4497,18,62,50,15,59,61,119,26,58
5:55:00,30.1,19,3077,1181,4,37,32,17,26,26,25,27,110,12,5073,4685,24,60,36,15,61,55,104,25,170,19,4814,4494,14,50,48,20,63,55,112,34,54
5:56:00,30,27,3038,1200,25,32,41,23,21,40,20,24,115,19,5057,4748,25,68,35,26,58,45,107,38,148,27,4880,4471,27,58,32,16,63,62,138,19,73
5:57:00,30.1,27,3036,1187,14,27,33,20,30,30,20,39,108,13,5060,4765,21,62,38,13,58,44,108,15,172,10,4885,4563,9,49,52,7,63,45,133,34,58
5:58:00,30.1,27,3197,1220,13,47,46,13,30,28,21,20,113,21,5057,4706,19,57,51,29,64,46,114,20,152,17,4814,4467,31,52,24,8,71,40,124,28,60
5:59:00,30.1,17,3061,1159,9,53,24,13,23,30,26,28,123,22,5006,4728,16,48,50,21,66,39,111,22,157,20,4829,4586,17,39,48,41,53,45,119,36,67
6:00:00,30,20,2985,1195,7,37,34,24,25,29,27,21,102,11,5062,4644,15,59,44,26,66,51,101,24,169,18,4845,4609,25,53,65,17,57,51,138,30,46